System Time,RDTSC,Elapsed Time (sec), CPU Utilization(%),CPU Frequency_0(MHz),Processor Power_0(Watt),Cumulative Processor Energy_0(Joules),Cumulative Processor Energy_0(mWh),IA Power_0(Watt),Cumulative IA Energy_0(Joules),Cumulative IA Energy_0(mWh),Package Temperature_0(C),Package Hot_0,DRAM Power_0(Watt),Cumulative DRAM Energy_0(Joules),Cumulative DRAM Energy_0(mWh),GT Power_0(Watt),Cumulative GT Energy_0(Joules),Cumulative GT Energy_0(mWh),Package PL1_0(Watt),Package PL2_0(Watt),Package PL4_0(Watt),Platform PsysPL1_0(Watt),Platform PsysPL2_0(Watt),GT Frequency(MHz),GT Utilization(%)
21:14:20:999, 144899619296256,    0.117,    4.000,  800,   3.773,   0.440,   0.122,   1.776,   0.207,   0.058, 39,  0,   0.773,   0.090,   0.025,   0.122,   0.014,   0.004,  45.000,  60.000,   0.000,   0.000,   0.000,    0,   0.000
21:14:21:103, 144899912041913,    0.221,   12.000,  800,   2.757,   0.728,   0.202,   0.926,   0.304,   0.084, 39,  0,   0.668,   0.160,   0.044,   0.018,   0.016,   0.004,  45.000,  60.000,   0.000,   0.000,   0.000,    0,   0.000
21:14:21:212, 144900216326120,    0.329,    4.000,  800,   2.072,   0.952,   0.264,   0.351,   0.342,   0.095, 38,  0,   0.622,   0.227,   0.063,   0.010,   0.017,   0.005,  45.000,  60.000,   0.000,   0.000,   0.000,    0,   0.000
21:14:21:324, 144900532796822,    0.442,    3.000,  800,   1.977,   1.175,   0.326,   0.312,   0.377,   0.105, 38,  0,   0.589,   0.294,   0.082,   0.000,   0.017,   0.005,  45.000,  60.000,   0.000,   0.000,   0.000,    0,   0.000
21:14:21:430, 144900830708112,    0.548,    7.000,  900,   2.254,   1.414,   0.393,   0.549,   0.435,   0.121, 38,  0,   0.582,   0.355,   0.099,   0.000,   0.017,   0.005,  45.000,  60.000,   0.000,   0.000,   0.000,    0,   0.000
21:14:21:546, 144901154545408,    0.663,    4.000,  900,   2.062,   1.652,   0.459,   0.396,   0.481,   0.134, 38,  0,   0.585,   0.423,   0.117,   0.000,   0.017,   0.005,  45.000,  60.000,   0.000,   0.000,   0.000,    0,   0.000
21:14:21:679, 144901529685246,    0.797,   17.000, 3400,   7.739,   2.686,   0.746,   5.786,   1.254,   0.348, 46,  0,   1.033,   0.561,   0.156,   0.077,   0.027,   0.008,  45.000,  60.000,   0.000,   0.000,   0.000,    0,   0.000
21:14:21:763, 144901765297225,    0.881,   22.000, 1000,   4.764,   3.086,   0.857,   2.453,   1.460,   0.405, 40,  0,   1.010,   0.646,   0.179,   0.271,   0.050,   0.014,  45.000,  60.000,   0.000,   0.000,   0.000,    0,   0.000
21:14:21:871, 144902066458691,    0.988,    5.000,  800,   2.234,   3.325,   0.924,   0.450,   1.508,   0.419, 38,  0,   0.669,   0.717,   0.199,   0.029,   0.053,   0.015,  45.000,  60.000,   0.000,   0.000,   0.000,    0,   0.000
21:14:21:981, 144902377655213,    1.099,    4.000,  800,   2.059,   3.553,   0.987,   0.345,   1.546,   0.430, 38,  0,   0.616,   0.786,   0.218,   0.000,   0.053,   0.015,  45.000,  60.000,   0.000,   0.000,   0.000,    0,   0.000
21:14:22:087, 144902673072367,    1.204,   12.000,  900,   2.726,   3.840,   1.067,   0.906,   1.642,   0.456, 38,  0,   0.669,   0.856,   0.238,   0.025,   0.056,   0.016,  45.000,  60.000,   0.000,   0.000,   0.000,    0,   0.000
21:14:22:197, 144902982496974,    1.314,   10.000,  800,   2.813,   4.150,   1.153,   0.748,   1.724,   0.479, 38,  0,   0.861,   0.951,   0.264,   0.230,   0.081,   0.023,  45.000,  60.000,   0.000,   0.000,   0.000,    0,   0.000
21:14:22:308, 144903294381554,    1.425,    4.000,  800,   2.068,   4.380,   1.217,   0.370,   1.765,   0.490, 38,  0,   0.611,   1.019,   0.283,   0.000,   0.081,   0.023,  45.000,  60.000,   0.000,   0.000,   0.000,    0,   0.000
21:14:22:418, 144903602628867,    1.535,    8.000,  800,   2.398,   4.643,   1.290,   0.654,   1.837,   0.510, 38,  0,   0.613,   1.086,   0.302,   0.000,   0.081,   0.023,  45.000,  60.000,   0.000,   0.000,   0.000,    0,   0.000
21:14:22:524, 144903901304195,    1.642,    6.000,  800,   2.216,   4.879,   1.355,   0.461,   1.886,   0.524, 38,  0,   0.658,   1.156,   0.321,   0.035,   0.085,   0.024,  45.000,  60.000,   0.000,   0.000,   0.000,    0,   0.000
21:14:22:638, 144904220538437,    1.755,    5.000,  800,   2.150,   5.123,   1.423,   0.448,   1.937,   0.538, 38,  0,   0.593,   1.223,   0.340,   0.000,   0.085,   0.024,  45.000,  60.000,   0.000,   0.000,   0.000,    0,   0.000
21:14:22:746, 144904525148197,    1.864,   26.000, 2500,   5.074,   5.674,   1.576,   3.104,   2.273,   0.632, 43,  0,   1.036,   1.336,   0.371,   0.062,   0.092,   0.025,  45.000,  60.000,   0.000,   0.000,   0.000,    0,   0.000
21:14:22:851, 144904819734092,    1.969,    7.000,  800,   3.441,   6.035,   1.676,   1.617,   2.443,   0.679, 39,  0,   0.776,   1.417,   0.394,   0.013,   0.093,   0.026,  45.000,  60.000,   0.000,   0.000,   0.000,    0,   0.000
21:14:22:961, 144905126947971,    2.078,    4.000,  800,   2.049,   6.259,   1.739,   0.362,   2.483,   0.690, 39,  0,   0.611,   1.484,   0.412,   0.000,   0.093,   0.026,  45.000,  60.000,   0.000,   0.000,   0.000,    0,   0.000
21:14:23:075, 144905449596620,    2.193,    8.000,  800,   2.404,   6.535,   1.815,   0.669,   2.560,   0.711, 39,  0,   0.615,   1.555,   0.432,   0.000,   0.093,   0.026,  45.000,  60.000,   0.000,   0.000,   0.000,    0,   0.000
21:14:23:180, 144905742216609,    2.297,    3.000,  800,   1.964,   6.740,   1.872,   0.291,   2.590,   0.719, 38,  0,   0.586,   1.616,   0.449,   0.000,   0.093,   0.026,  45.000,  60.000,   0.000,   0.000,   0.000,    0,   0.000
21:14:23:296, 144906068923815,    2.414,    3.000,  800,   1.975,   6.969,   1.936,   0.309,   2.626,   0.729, 38,  0,   0.593,   1.685,   0.468,   0.000,   0.093,   0.026,  45.000,  60.000,   0.000,   0.000,   0.000,    0,   0.000
21:14:23:402, 144906366824453,    2.520,    7.000,  800,   2.342,   7.218,   2.005,   0.624,   2.692,   0.748, 38,  0,   0.585,   1.747,   0.485,   0.000,   0.093,   0.026,  45.000,  60.000,   0.000,   0.000,   0.000,    0,   0.000
21:14:23:507, 144906661451741,    2.625,    4.000,  800,   2.023,   7.430,   2.064,   0.340,   2.728,   0.758, 38,  0,   0.599,   1.810,   0.503,   0.000,   0.093,   0.026,  45.000,  60.000,   0.000,   0.000,   0.000,    0,   0.000
21:14:23:619, 144906974900534,    2.736,    3.000,  800,   1.912,   7.644,   2.123,   0.276,   2.759,   0.766, 38,  0,   0.561,   1.872,   0.520,   0.000,   0.093,   0.026,  45.000,  60.000,   0.000,   0.000,   0.000,    0,   0.000
21:14:23:730, 144907288395607,    2.848,   14.000, 1400,   2.909,   7.968,   2.213,   1.122,   2.884,   0.801, 38,  0,   0.624,   1.942,   0.539,   0.034,   0.097,   0.027,  45.000,  60.000,   0.000,   0.000,   0.000,    0,   0.000
21:14:23:835, 144907582005085,    2.952,    9.000, 2600,   3.020,   8.284,   2.301,   1.198,   3.009,   0.836, 39,  0,   0.780,   2.023,   0.562,   0.000,   0.097,   0.027,  45.000,  60.000,   0.000,   0.000,   0.000,    0,   0.000
21:14:23:947, 144907897620477,    3.065,    4.000,  800,   3.711,   8.701,   2.417,   1.986,   3.232,   0.898, 38,  0,   0.740,   2.107,   0.585,   0.000,   0.097,   0.027,  45.000,  60.000,   0.000,   0.000,   0.000,    0,   0.000
21:14:24:057, 144908205314266,    3.174,    7.000,  800,   2.292,   8.952,   2.487,   0.585,   3.296,   0.916, 38,  0,   0.600,   2.172,   0.603,   0.000,   0.097,   0.027,  45.000,  60.000,   0.000,   0.000,   0.000,    0,   0.000
21:14:24:169, 144908521488409,    3.287,    4.000,  800,   2.015,   9.179,   2.550,   0.347,   3.336,   0.927, 38,  0,   0.590,   2.239,   0.622,   0.000,   0.097,   0.027,  45.000,  60.000,   0.000,   0.000,   0.000,    0,   0.000
21:14:24:273, 144908813030858,    3.391,   42.000, 1900,   5.099,   9.709,   2.697,   3.169,   3.665,   1.018, 42,  0,   0.888,   2.331,   0.647,   0.047,   0.102,   0.028,  45.000,  60.000,   0.000,   0.000,   0.000,    0,   0.000
21:14:24:385, 144909127705409,    3.503,   23.000, 3500,  13.617,  11.235,   3.121,  11.411,   4.943,   1.373, 54,  0,   1.042,   2.448,   0.680,   0.278,   0.133,   0.037,  45.000,  60.000,   0.000,   0.000,   0.000,    0,   0.000
21:14:24:491, 144909424881931,    3.609,   20.000, 3400,  16.297,  12.959,   3.600,  14.463,   6.474,   1.798, 60,  0,   0.734,   2.525,   0.702,   0.000,   0.133,   0.037,  45.000,  60.000,   0.000,   0.000,   0.000,    0,   0.000
21:14:24:602, 144909735948310,    3.719,   50.000, 3400,  25.957,  15.835,   4.399,  23.968,   9.129,   2.536, 54,  0,   0.862,   2.621,   0.728,   0.000,   0.133,   0.037,  45.000,  60.000,   0.000,   0.000,   0.000,    0,   0.000
21:14:24:714, 144910049666381,    3.831,   31.000, 3500,  21.697,  18.259,   5.072,  19.654,  11.325,   3.146, 65,  0,   0.816,   2.712,   0.753,   0.070,   0.141,   0.039,  45.000,  60.000,   0.000,   0.000,   0.000,    0,   0.000
21:14:24:820, 144910346523146,    3.937,   12.000, 3500,  14.488,  19.791,   5.497,  12.724,  12.670,   3.519, 65,  0,   0.619,   2.778,   0.772,   0.000,   0.141,   0.039,  45.000,  60.000,   0.000,   0.000,   0.000,    0,   0.000
21:14:24:930, 144910655745808,    4.047,   21.000, 3500,  19.011,  21.884,   6.079,  17.049,  14.547,   4.041, 65,  0,   1.080,   2.897,   0.805,   0.040,   0.145,   0.040,  45.000,  60.000,   0.000,   0.000,   0.000,    0,   0.000
21:14:25:039, 144910963672743,    4.157,   15.000, 3500,  15.624,  23.598,   6.555,  13.627,  16.042,   4.456, 63,  0,   0.811,   2.986,   0.829,   0.000,   0.145,   0.040,  45.000,  60.000,   0.000,   0.000,   0.000,    0,   0.000
21:14:25:150, 144911274717418,    4.267,   13.000, 3600,  14.788,  25.236,   7.010,  12.928,  17.474,   4.854, 67,  0,   0.558,   3.047,   0.846,   0.000,   0.145,   0.040,  45.000,  60.000,   0.000,   0.000,   0.000,    0,   0.000
21:14:25:259, 144911579837991,    4.376,   13.000, 3400,  15.301,  26.898,   7.472,  13.363,  18.926,   5.257, 66,  0,   0.584,   3.111,   0.864,   0.056,   0.151,   0.042,  45.000,  60.000,   0.000,   0.000,   0.000,    0,   0.000
21:14:25:371, 144911896270591,    4.489,   55.000, 3400,  25.650,  29.789,   8.275,  23.763,  21.604,   6.001, 60,  0,   0.767,   3.197,   0.888,   0.121,   0.165,   0.046,  45.000,  60.000,   0.000,   0.000,   0.000,    0,   0.000
21:14:25:478, 144912196104764,    4.596,   44.000, 3600,  23.049,  32.250,   8.958,  21.079,  23.855,   6.626, 65,  0,   0.683,   3.270,   0.908,   0.000,   0.165,   0.046,  45.000,  60.000,   0.000,   0.000,   0.000,    0,   0.000
21:14:25:591, 144912512707484,    4.708,   13.000, 3600,  15.052,  33.947,   9.430,  13.160,  25.338,   7.038, 66,  0,   0.660,   3.345,   0.929,   0.000,   0.165,   0.046,  45.000,  60.000,   0.000,   0.000,   0.000,    0,   0.000
21:14:25:698, 144912814547210,    4.816,   17.000, 3500,  16.076,  35.675,   9.910,  14.234,  26.868,   7.463, 64,  0,   0.681,   3.418,   0.949,   0.051,   0.170,   0.047,  45.000,  60.000,   0.000,   0.000,   0.000,    0,   0.000
21:14:25:809, 144913124551646,    4.926,   12.000, 3500,  14.143,  37.237,  10.343,  12.162,  28.211,   7.836, 61,  0,   0.704,   3.496,   0.971,   0.000,   0.170,   0.047,  45.000,  60.000,   0.000,   0.000,   0.000,    0,   0.000
21:14:25:919, 144913432670180,    5.036,   13.000, 3600,  15.486,  38.936,  10.815,  13.711,  29.716,   8.254, 67,  0,   0.575,   3.559,   0.989,   0.023,   0.173,   0.048,  45.000,  60.000,   0.000,   0.000,   0.000,    0,   0.000
21:14:26:025, 144913732274808,    5.143,   22.000, 3500,  18.414,  40.901,  11.361,  16.321,  31.457,   8.738, 54,  0,   1.186,   3.685,   1.024,   0.048,   0.178,   0.049,  45.000,  60.000,   0.000,   0.000,   0.000,    0,   0.000
21:14:26:138, 144914049692668,    5.256,   17.000, 2000,   7.394,  41.736,  11.593,   5.483,  32.077,   8.910, 46,  0,   0.621,   3.756,   1.043,   0.000,   0.178,   0.049,  45.000,  60.000,   0.000,   0.000,   0.000,    0,   0.000
21:14:26:243, 144914343618856,    5.360,   37.000, 3400,  20.057,  43.836,  12.177,  18.235,  33.986,   9.440, 58,  0,   0.683,   3.827,   1.063,   0.000,   0.178,   0.049,  45.000,  60.000,   0.000,   0.000,   0.000,    0,   0.000
21:14:26:353, 144914653762141,    5.471,   50.000, 3400,  26.202,  46.730,  12.981,  24.455,  36.687,  10.191, 67,  0,   0.608,   3.894,   1.082,   0.003,   0.178,   0.050,  45.000,  60.000,   0.000,   0.000,   0.000,    0,   0.000
21:14:26:460, 144914954436341,    5.578,   21.000, 3600,  18.236,  48.682,  13.523,  16.233,  38.425,  10.674, 66,  0,   0.707,   3.970,   1.103,   0.043,   0.183,   0.051,  45.000,  60.000,   0.000,   0.000,   0.000,    0,   0.000
21:14:26:574, 144915274081334,    5.692,   17.000, 3600,  16.792,  50.594,  14.054,  14.732,  40.102,  11.139, 64,  0,   0.821,   4.063,   1.129,   0.121,   0.197,   0.055,  45.000,  60.000,   0.000,   0.000,   0.000,    0,   0.000
21:14:26:685, 144915585295194,    5.803,   27.000, 3500,  15.890,  52.355,  14.543,  13.905,  41.643,  11.567, 65,  0,   0.757,   4.147,   1.152,   0.057,   0.203,   0.056,  45.000,  60.000,   0.000,   0.000,   0.000,    0,   0.000
21:14:26:788, 144915875382630,    5.906,   12.000, 3500,  14.305,  53.833,  14.954,  12.496,  42.934,  11.926, 67,  0,   0.585,   4.208,   1.169,   0.000,   0.203,   0.056,  45.000,  60.000,   0.000,   0.000,   0.000,    0,   0.000
21:14:26:900, 144916188626687,    6.017,   14.000, 3600,  15.918,  55.609,  15.447,  13.913,  44.486,  12.357, 67,  0,   0.628,   4.278,   1.188,   0.076,   0.211,   0.059,  45.000,  60.000,   0.000,   0.000,   0.000,    0,   0.000
21:14:27:013, 144916505293882,    6.130,   41.000, 3400,  21.922,  58.081,  16.134,  19.999,  46.741,  12.984, 60,  0,   0.703,   4.357,   1.210,   0.005,   0.212,   0.059,  45.000,  60.000,   0.000,   0.000,   0.000,    0,   0.000
21:14:27:117, 144916797640565,    6.234,   55.000, 3400,  26.065,  60.794,  16.887,  24.134,  49.254,  13.682, 64,  0,   0.968,   4.458,   1.238,   0.028,   0.215,   0.060,  45.000,  60.000,   0.000,   0.000,   0.000,    0,   0.000
21:14:27:231, 144917118726879,    6.349,   21.000, 3600,  17.679,  62.816,  17.449,  15.833,  51.064,  14.185, 67,  0,   0.664,   4.534,   1.259,   0.000,   0.215,   0.060,  45.000,  60.000,   0.000,   0.000,   0.000,    0,   0.000
21:14:27:339, 144917421638494,    6.457,   12.000, 3600,  14.005,  64.327,  17.869,  12.135,  52.373,  14.548, 68,  0,   0.590,   4.597,   1.277,   0.000,   0.215,   0.060,  45.000,  60.000,   0.000,   0.000,   0.000,    0,   0.000
21:14:27:450, 144917734422487,    6.568,   24.000, 3500,  19.168,  66.462,  18.462,  17.296,  54.300,  15.083, 68,  0,   0.884,   4.696,   1.304,   0.000,   0.215,   0.060,  45.000,  60.000,   0.000,   0.000,   0.000,    0,   0.000
21:14:27:559, 144918037658573,    6.676,   12.000, 3500,  14.718,  68.051,  18.903,  12.835,  55.686,  15.468, 68,  0,   0.581,   4.759,   1.322,   0.034,   0.219,   0.061,  45.000,  60.000,   0.000,   0.000,   0.000,    0,   0.000
21:14:27:672, 144918356851963,    6.790,   30.000, 3500,  14.910,  69.746,  19.374,  12.963,  57.160,  15.878, 53,  0,   0.672,   4.835,   1.343,   0.035,   0.223,   0.062,  45.000,  60.000,   0.000,   0.000,   0.000,    0,   0.000
21:14:27:775, 144918646487385,    6.893,   18.000, 3500,  17.448,  71.546,  19.874,  15.374,  58.745,  16.318, 60,  0,   0.902,   4.928,   1.369,   0.156,   0.239,   0.066,  45.000,  60.000,   0.000,   0.000,   0.000,    0,   0.000
21:14:27:884, 144918950458305,    7.001,   17.000, 2800,  12.353,  72.883,  20.245,  10.357,  59.867,  16.630, 54,  0,   1.114,   5.049,   1.402,   0.000,   0.239,   0.066,  45.000,  60.000,   0.000,   0.000,   0.000,    0,   0.000
21:14:27:993, 144919258587062,    7.111,   53.000, 3400,  25.198,  75.648,  21.013,  23.135,  62.405,  17.335, 65,  0,   0.811,   5.138,   1.427,   0.141,   0.254,   0.071,  45.000,  60.000,   0.000,   0.000,   0.000,    0,   0.000
21:14:28:106, 144919574983433,    7.223,   53.000, 3400,  26.587,  78.644,  21.846,  24.556,  65.172,  18.103, 65,  0,   1.006,   5.251,   1.459,   0.000,   0.254,   0.071,  45.000,  60.000,   0.000,   0.000,   0.000,    0,   0.000
21:14:28:211, 144919869423853,    7.328,   15.000, 3500,  16.526,  80.377,  22.327,  14.586,  66.702,  18.528, 71,  0,   0.762,   5.331,   1.481,   0.000,   0.254,   0.071,  45.000,  60.000,   0.000,   0.000,   0.000,    0,   0.000
21:14:28:319, 144920174681179,    7.437,   12.000, 3500,  15.563,  82.069,  22.797,  13.801,  68.202,  18.945, 64,  0,   0.628,   5.399,   1.500,   0.000,   0.254,   0.071,  45.000,  60.000,   0.000,   0.000,   0.000,    0,   0.000
21:14:28:435, 144920499542613,    7.553,   13.000, 3600,  14.976,  83.801,  23.278,  13.054,  69.712,  19.364, 65,  0,   0.704,   5.481,   1.522,   0.008,   0.255,   0.071,  45.000,  60.000,   0.000,   0.000,   0.000,    0,   0.000
21:14:28:539, 144920789965963,    7.656,   12.000, 3600,  14.998,  85.352,  23.709,  13.026,  71.059,  19.739, 68,  0,   0.551,   5.538,   1.538,   0.032,   0.258,   0.072,  45.000,  60.000,   0.000,   0.000,   0.000,    0,   0.000
21:14:28:664, 144921144255578,    7.782,   62.000, 3400,  19.503,  87.813,  24.393,  17.684,  73.291,  20.358, 58,  0,   0.586,   5.612,   1.559,   0.016,   0.260,   0.072,  45.000,  60.000,   0.000,   0.000,   0.000,    0,   0.000
21:14:28:760, 144921411439939,    7.877,   50.000, 3400,  25.756,  90.264,  25.073,  23.903,  75.565,  20.990, 69,  0,   0.640,   5.673,   1.576,   0.012,   0.261,   0.073,  45.000,  60.000,   0.000,   0.000,   0.000,    0,   0.000
21:14:28:871, 144921722569203,    7.988,   32.000, 3600,  21.739,  92.672,  25.742,  19.814,  77.760,  21.600, 67,  0,   0.654,   5.745,   1.596,   0.000,   0.261,   0.073,  45.000,  60.000,   0.000,   0.000,   0.000,    0,   0.000
21:14:28:980, 144922029597998,    8.098,   13.000, 3600,  14.300,  94.236,  26.177,  12.454,  79.122,  21.978, 67,  0,   0.604,   5.811,   1.614,   0.033,   0.265,   0.074,  45.000,  60.000,   0.000,   0.000,   0.000,    0,   0.000
21:14:29:085, 144922325346771,    8.203,   14.000, 3600,  15.194,  95.836,  26.621,  13.330,  80.526,  22.368, 63,  0,   0.702,   5.885,   1.635,   0.020,   0.267,   0.074,  45.000,  60.000,   0.000,   0.000,   0.000,    0,   0.000
21:14:29:196, 144922635103355,    8.313,   25.000, 3500,  17.898,  97.811,  27.170,  15.576,  82.244,  22.846, 63,  0,   1.375,   6.037,   1.677,   0.152,   0.284,   0.079,  45.000,  60.000,   0.000,   0.000,   0.000,    0,   0.000
21:14:29:305, 144922940880091,    8.422,   13.000, 3400,  14.248,  99.362,  27.601,  12.390,  83.594,  23.220, 64,  0,   0.539,   6.095,   1.693,   0.000,   0.284,   0.079,  45.000,  60.000,   0.000,   0.000,   0.000,    0,   0.000
21:14:29:417, 144923255493240,    8.534,   24.000, 1000,   8.114, 100.271,  27.853,   6.149,  84.282,  23.412, 44,  0,   0.833,   6.189,   1.719,   0.043,   0.289,   0.080,  45.000,  60.000,   0.000,   0.000,   0.000,    0,   0.000
21:14:29:529, 144923569992037,    8.646,   15.000, 3200,   9.007, 101.280,  28.133,   7.119,  85.080,  23.633, 54,  0,   0.628,   6.259,   1.739,   0.021,   0.291,   0.081,  45.000,  60.000,   0.000,   0.000,   0.000,    0,   0.000
21:14:29:632, 144923861293803,    8.750,   15.000, 2800,  11.122, 102.434,  28.454,   9.217,  86.036,  23.899, 52,  0,   1.044,   6.367,   1.769,   0.000,   0.291,   0.081,  45.000,  60.000,   0.000,   0.000,   0.000,    0,   0.000
21:14:29:743, 144924170408497,    8.860,   53.000, 3400,  24.557, 105.137,  29.205,  22.788,  88.545,  24.596, 67,  0,   0.669,   6.441,   1.789,   0.038,   0.295,   0.082,  45.000,  60.000,   0.000,   0.000,   0.000,    0,   0.000
21:14:29:853, 144924481453503,    8.971,   46.000, 3600,  21.581, 107.528,  29.869,  19.598,  90.715,  25.199, 62,  0,   0.608,   6.508,   1.808,   0.000,   0.295,   0.082,  45.000,  60.000,   0.000,   0.000,   0.000,    0,   0.000
21:14:29:966, 144924798060458,    9.083,   13.000, 3600,  15.645, 109.292,  30.359,  13.748,  92.266,  25.629, 69,  0,   0.650,   6.582,   1.828,   0.000,   0.295,   0.082,  45.000,  60.000,   0.000,   0.000,   0.000,    0,   0.000
21:14:30:073, 144925097568663,    9.190,   15.000, 3600,  17.053, 111.111,  30.864,  15.134,  93.880,  26.078, 69,  0,   0.660,   6.652,   1.848,   0.000,   0.295,   0.082,  45.000,  60.000,   0.000,   0.000,   0.000,    0,   0.000
21:14:30:184, 144925411302289,    9.302,   12.000, 3500,  13.340, 112.601,  31.278,  11.548,  95.170,  26.436, 61,  0,   0.668,   6.727,   1.869,   0.012,   0.297,   0.082,  45.000,  60.000,   0.000,   0.000,   0.000,    0,   0.000
21:14:30:290, 144925707125799,    9.407,   20.000, 3500,  19.131, 114.617,  31.838,  17.047,  96.966,  26.935, 67,  0,   1.107,   6.843,   1.901,   0.009,   0.298,   0.083,  45.000,  60.000,   0.000,   0.000,   0.000,    0,   0.000
21:14:30:398, 144926010930672,    9.515,   12.000, 3500,  13.110, 116.035,  32.232,  11.284,  98.187,  27.274, 67,  0,   0.528,   6.900,   1.917,   0.000,   0.298,   0.083,  45.000,  60.000,   0.000,   0.000,   0.000,    0,   0.000
21:14:30:507, 144926317001346,    9.624,   38.000, 3400,  20.188, 118.235,  32.843,  18.368, 100.189,  27.830, 65,  0,   0.629,   6.969,   1.936,   0.000,   0.298,   0.083,  45.000,  60.000,   0.000,   0.000,   0.000,    0,   0.000
21:14:30:618, 144926628406801,    9.735,   51.000, 3400,  24.309, 120.931,  33.592,  22.396, 102.673,  28.520, 59,  0,   0.659,   7.042,   1.956,   0.004,   0.298,   0.083,  45.000,  60.000,   0.000,   0.000,   0.000,    0,   0.000
21:14:30:728, 144926936724174,    9.845,   18.000, 3500,  18.555, 122.969,  34.158,  16.553, 104.490,  29.025, 60,  0,   0.782,   7.128,   1.980,   0.044,   0.303,   0.084,  45.000,  60.000,   0.000,   0.000,   0.000,    0,   0.000
21:14:30:840, 144927253030819,    9.958,   15.000, 3500,  15.379, 124.701,  34.639,  13.446, 106.005,  29.446, 63,  0,   0.741,   7.211,   2.003,   0.118,   0.316,   0.088,  45.000,  60.000,   0.000,   0.000,   0.000,    0,   0.000
21:14:30:946, 144927550390741,   10.064,   14.000, 2800,  12.947, 126.072,  35.020,  11.030, 107.173,  29.770, 53,  0,   0.668,   7.282,   2.023,   0.000,   0.316,   0.088,  45.000,  60.000,   0.000,   0.000,   0.000,    0,   0.000
21:14:31:060, 144927868789483,   10.177,   17.000, 3500,   8.743, 127.063,  35.295,   6.807, 107.945,  29.985, 63,  0,   0.744,   7.366,   2.046,   0.000,   0.316,   0.088,  45.000,  60.000,   0.000,   0.000,   0.000,    0,   0.000
21:14:31:167, 144928169226095,   10.284,   13.000, 3600,  12.101, 128.358,  35.655,  10.261, 109.042,  30.290, 65,  0,   0.554,   7.426,   2.063,   0.000,   0.316,   0.088,  45.000,  60.000,   0.000,   0.000,   0.000,    0,   0.000
21:14:31:278, 144928482051970,   10.395,   18.000, 3300,  16.602, 130.208,  36.169,  14.709, 110.681,  30.745, 55,  0,   0.866,   7.522,   2.090,   0.027,   0.319,   0.089,  45.000,  60.000,   0.000,   0.000,   0.000,    0,   0.000
21:14:31:387, 144928788604664,   10.505,   23.000, 1800,  10.849, 131.392,  36.498,   8.793, 111.641,  31.011, 46,  0,   0.950,   7.626,   2.118,   0.064,   0.326,   0.091,  45.000,  60.000,   0.000,   0.000,   0.000,    0,   0.000
21:14:31:494, 144929088346872,   10.611,   14.000, 2800,   9.912, 132.450,  36.792,   7.952, 112.490,  31.247, 51,  0,   0.947,   7.727,   2.146,   0.000,   0.326,   0.091,  45.000,  60.000,   0.000,   0.000,   0.000,    0,   0.000
21:14:31:607, 144929406550458,   10.725,   39.000, 3500,  16.575, 134.328,  37.313,  14.787, 114.166,  31.713, 62,  0,   0.687,   7.805,   2.168,   0.000,   0.326,   0.091,  45.000,  60.000,   0.000,   0.000,   0.000,    0,   0.000
21:14:31:717, 144929713404952,   10.834,   55.000, 3400,  24.141, 136.967,  38.046,  22.262, 116.598,  32.388, 65,  0,   0.732,   7.885,   2.190,   0.051,   0.332,   0.092,  45.000,  60.000,   0.000,   0.000,   0.000,    0,   0.000
21:14:31:820, 144930004400467,   10.938,   16.000, 3600,  17.240, 138.753,  38.543,  15.242, 118.178,  32.827, 69,  0,   0.685,   7.956,   2.210,   0.014,   0.333,   0.093,  45.000,  60.000,   0.000,   0.000,   0.000,    0,   0.000
21:14:31:930, 144930312852149,   11.047,   12.000, 3600,  14.785, 140.377,  38.994,  12.891, 119.594,  33.221, 66,  0,   0.616,   8.024,   2.229,   0.016,   0.335,   0.093,  45.000,  60.000,   0.000,   0.000,   0.000,    0,   0.000
21:14:32:044, 144930634035121,   11.162,   12.000, 3600,  13.313, 141.900,  39.417,  11.485, 120.908,  33.585, 65,  0,   0.674,   8.101,   2.250,   0.000,   0.335,   0.093,  45.000,  60.000,   0.000,   0.000,   0.000,    0,   0.000
21:14:32:153, 144930939902460,   11.271,   14.000, 3600,  13.525, 143.373,  39.826,  11.599, 122.171,  33.936, 63,  0,   0.677,   8.174,   2.271,   0.037,   0.339,   0.094,  45.000,  60.000,   0.000,   0.000,   0.000,    0,   0.000
21:14:32:260, 144931240766045,   11.378,   30.000, 3500,  22.391, 145.772,  40.492,  20.392, 124.356,  34.543, 65,  0,   0.975,   8.279,   2.300,   0.113,   0.351,   0.098,  45.000,  60.000,   0.000,   0.000,   0.000,    0,   0.000
21:14:32:368, 144931541559170,   11.485,   33.000, 3400,  25.848, 148.541,  41.261,  23.598, 126.884,  35.246, 66,  0,   1.277,   8.416,   2.338,   0.046,   0.356,   0.099,  45.000,  60.000,   0.000,   0.000,   0.000,    0,   0.000
21:14:32:477, 144931847783478,   11.594,   67.000, 3400,  29.887, 151.800,  42.167,  27.943, 129.931,  36.092, 65,  0,   0.925,   8.517,   2.366,   0.000,   0.356,   0.099,  45.000,  60.000,   0.000,   0.000,   0.000,    0,   0.000
21:14:32:590, 144932166802635,   11.708,   54.000, 3500,  26.966, 154.864,  43.018,  25.169, 132.791,  36.886, 64,  0,   0.810,   8.609,   2.391,   0.000,   0.356,   0.099,  45.000,  60.000,   0.000,   0.000,   0.000,    0,   0.000
21:14:32:694, 144932459251445,   11.812,   33.000, 3100,  22.150, 157.171,  43.659,  20.123, 134.887,  37.468, 63,  0,   0.942,   8.707,   2.419,   0.077,   0.364,   0.101,  45.000,  60.000,   0.000,   0.000,   0.000,    0,   0.000
21:14:32:808, 144932779381516,   11.926,   25.000, 3500,  20.248, 159.479,  44.300,  18.324, 136.976,  38.049, 70,  0,   0.830,   8.801,   2.445,   0.044,   0.369,   0.103,  45.000,  60.000,   0.000,   0.000,   0.000,    0,   0.000
21:14:32:916, 144933082282477,   12.034,   24.000, 3500,  22.709, 161.929,  44.980,  20.733, 139.212,  38.670, 70,  0,   0.899,   8.898,   2.472,   0.000,   0.369,   0.103,  45.000,  60.000,   0.000,   0.000,   0.000,    0,   0.000
21:14:33:023, 144933380833945,   12.140,   24.000, 3500,  22.061, 164.275,  45.632,  20.204, 141.360,  39.267, 66,  0,   0.782,   8.982,   2.495,   0.000,   0.369,   0.103,  45.000,  60.000,   0.000,   0.000,   0.000,    0,   0.000
21:14:33:138, 144933706218210,   12.256,   26.000, 2900,  21.480, 166.764,  46.323,  19.428, 143.612,  39.892, 62,  0,   1.071,   9.106,   2.529,   0.000,   0.369,   0.103,  45.000,  60.000,   0.000,   0.000,   0.000,    0,   0.000
21:14:33:243, 144933998462707,   12.360,   23.000, 3000,  15.859, 168.414,  46.782,  13.820, 145.050,  40.292, 54,  0,   0.908,   9.200,   2.556,   0.108,   0.380,   0.106,  45.000,  60.000,   0.000,   0.000,   0.000,    0,   0.000
21:14:33:354, 144934312161282,   12.472,   20.000, 3500,   9.516, 169.477,  47.077,   7.550, 145.893,  40.526, 55,  0,   0.789,   9.288,   2.580,   0.032,   0.384,   0.107,  45.000,  60.000,   0.000,   0.000,   0.000,    0,   0.000
21:14:33:461, 144934612005399,   12.578,   55.000, 3400,  26.201, 172.275,  47.854,  24.229, 148.481,  41.245, 67,  0,   1.107,   9.406,   2.613,   0.006,   0.385,   0.107,  45.000,  60.000,   0.000,   0.000,   0.000,    0,   0.000
21:14:33:572, 144934924665420,   12.690,   48.000, 3400,  25.016, 175.060,  48.628,  23.147, 151.058,  41.961, 59,  0,   0.692,   9.484,   2.634,   0.042,   0.389,   0.108,  45.000,  60.000,   0.000,   0.000,   0.000,    0,   0.000
21:14:33:681, 144935228758966,   12.798,   25.000, 3000,  16.848, 176.885,  49.135,  14.551, 152.634,  42.398, 59,  0,   0.884,   9.579,   2.661,   0.175,   0.408,   0.113,  45.000,  60.000,   0.000,   0.000,   0.000,    0,   0.000
21:14:33:795, 144935548535195,   12.912,   12.000, 3500,  14.195, 178.502,  49.584,  12.440, 154.050,  42.792, 70,  0,   0.608,   9.649,   2.680,   0.000,   0.408,   0.113,  45.000,  60.000,   0.000,   0.000,   0.000,    0,   0.000
21:14:33:897, 144935837701952,   13.015,   13.000, 3600,  13.211, 179.862,  49.962,  11.344, 155.219,  43.116, 62,  0,   0.673,   9.718,   2.699,   0.000,   0.408,   0.113,  45.000,  60.000,   0.000,   0.000,   0.000,    0,   0.000
21:14:34:009, 144936151843848,   13.127,   13.000, 3600,  13.859, 181.413,  50.392,  11.977, 156.559,  43.488, 69,  0,   0.650,   9.791,   2.720,   0.000,   0.408,   0.113,  45.000,  60.000,   0.000,   0.000,   0.000,    0,   0.000
21:14:34:118, 144936457297734,   13.236,   12.000, 3600,  12.999, 182.827,  50.785,  11.122, 157.768,  43.825, 68,  0,   0.523,   9.847,   2.735,   0.000,   0.408,   0.113,  45.000,  60.000,   0.000,   0.000,   0.000,    0,   0.000
21:14:34:227, 144936761834014,   13.344,   32.000, 3400,  19.371, 184.927,  51.369,  17.430, 159.659,  44.350, 64,  0,   0.593,   9.912,   2.753,   0.015,   0.410,   0.114,  45.000,  60.000,   0.000,   0.000,   0.000,    0,   0.000
21:14:34:340, 144937081391915,   13.458,   50.000, 3400,  26.220, 187.911,  52.198,  24.557, 162.453,  45.126, 69,  0,   0.609,   9.981,   2.773,   0.000,   0.410,   0.114,  45.000,  60.000,   0.000,   0.000,   0.000,    0,   0.000
21:14:34:446, 144937378878302,   13.564,   22.000, 3600,  18.744, 189.897,  52.749,  16.785, 164.232,  45.620, 69,  0,   0.650,  10.050,   2.792,   0.000,   0.410,   0.114,  45.000,  60.000,   0.000,   0.000,   0.000,    0,   0.000
21:14:34:559, 144937696311761,   13.677,   18.000, 3600,  17.600, 191.887,  53.302,  15.645, 166.000,  46.111, 71,  0,   1.011,  10.164,   2.823,   0.000,   0.410,   0.114,  45.000,  60.000,   0.000,   0.000,   0.000,    0,   0.000
21:14:34:668, 144938004056341,   13.786,   23.000, 3500,  16.220, 193.664,  53.796,  14.261, 167.563,  46.545, 60,  0,   0.764,  10.248,   2.847,   0.022,   0.412,   0.115,  45.000,  60.000,   0.000,   0.000,   0.000,    0,   0.000
21:14:34:775, 144938302188404,   13.893,   12.000, 2800,  13.190, 195.065,  54.185,  11.278, 168.761,  46.878, 53,  0,   0.573,  10.309,   2.864,   0.029,   0.415,   0.115,  45.000,  60.000,   0.000,   0.000,   0.000,    0,   0.000
21:14:34:887, 144938616283738,   14.004,   14.000, 3000,  12.461, 196.459,  54.572,  10.606, 169.947,  47.208, 48,  0,   0.662,  10.383,   2.884,   0.015,   0.417,   0.116,  45.000,  60.000,   0.000,   0.000,   0.000,    0,   0.000
21:14:34:994, 144938916592580,   14.111,   20.000, 2800,  17.240, 198.302,  55.084,  15.160, 171.568,  47.658, 54,  0,   0.842,  10.473,   2.909,   0.103,   0.428,   0.119,  45.000,  60.000,   0.000,   0.000,   0.000,    0,   0.000
21:14:35:105, 144939227280575,   14.222,   15.000, 3400,  10.388, 199.452,  55.403,   8.372, 172.495,  47.915, 61,  0,   1.048,  10.589,   2.941,   0.000,   0.428,   0.119,  45.000,  60.000,   0.000,   0.000,   0.000,    0,   0.000
21:14:35:210, 144939524184113,   14.328,   50.000, 3400,  24.609, 202.054,  56.126,  22.902, 174.916,  48.588, 59,  0,   0.618,  10.654,   2.959,   0.050,   0.433,   0.120,  45.000,  60.000,   0.000,   0.000,   0.000,    0,   0.000
21:14:35:326, 144939848979479,   14.443,   41.000, 3400,  22.192, 204.621,  56.839,  20.187, 177.251,  49.236, 63,  0,   0.665,  10.731,   2.981,   0.035,   0.437,   0.121,  45.000,  60.000,   0.000,   0.000,   0.000,    0,   0.000
21:14:35:429, 144940137746307,   14.546,   16.000, 3500,  17.063, 206.375,  57.327,  14.945, 178.788,  49.663, 72,  0,   0.837,  10.817,   3.005,   0.138,   0.451,   0.125,  45.000,  60.000,   0.000,   0.000,   0.000,    0,   0.000
21:14:35:540, 144940448488745,   14.657,   17.000, 3500,  13.664, 207.888,  57.747,  11.885, 180.103,  50.029, 65,  0,   0.825,  10.909,   3.030,   0.000,   0.451,   0.125,  45.000,  60.000,   0.000,   0.000,   0.000,    0,   0.000
21:14:35:668, 144940810665801,   14.786,   25.000, 2800,  16.707, 210.042,  58.345,  14.683, 181.997,  50.555, 56,  0,   0.921,  11.027,   3.063,   0.022,   0.454,   0.126,  45.000,  60.000,   0.000,   0.000,   0.000,    0,   0.000
21:14:35:757, 144941058883162,   14.874,   12.000, 3000,  13.593, 211.244,  58.679,  11.599, 183.022,  50.840, 59,  0,   0.589,  11.079,   3.078,   0.041,   0.458,   0.127,  45.000,  60.000,   0.000,   0.000,   0.000,    0,   0.000
21:14:35:867, 144941367085405,   14.984,   13.000, 3600,  15.520, 212.948,  59.152,  13.655, 184.521,  51.256, 71,  0,   0.562,  11.141,   3.095,   0.000,   0.458,   0.127,  45.000,  60.000,   0.000,   0.000,   0.000,    0,   0.000
21:14:35:976, 144941674915759,   15.094,   42.000, 3400,  24.113, 215.591,  59.886,  22.366, 186.973,  51.937, 70,  0,   0.614,  11.208,   3.113,   0.039,   0.462,   0.128,  45.000,  60.000,   0.000,   0.000,   0.000,    0,   0.000
21:14:36:087, 144941984514653,   15.204,   49.000, 3400,  25.933, 218.450,  60.681,  23.902, 189.608,  52.669, 61,  0,   0.644,  11.279,   3.133,   0.000,   0.462,   0.128,  45.000,  60.000,   0.000,   0.000,   0.000,    0,   0.000
21:14:36:195, 144942288996150,   15.312,   14.000, 3600,  16.441, 220.233,  61.176,  14.638, 191.196,  53.110, 70,  0,   0.634,  11.348,   3.152,   0.000,   0.462,   0.128,  45.000,  60.000,   0.000,   0.000,   0.000,    0,   0.000
21:14:36:309, 144942609216447,   15.426,   12.000, 3600,  12.005, 221.602,  61.556,  10.153, 192.353,  53.432, 68,  0,   0.619,  11.419,   3.172,   0.000,   0.462,   0.128,  45.000,  60.000,   0.000,   0.000,   0.000,    0,   0.000
21:14:36:421, 144942923287556,   15.538,   13.000, 3600,  11.659, 222.906,  61.918,   9.753, 193.444,  53.735, 64,  0,   0.684,  11.495,   3.193,   0.005,   0.463,   0.129,  45.000,  60.000,   0.000,   0.000,   0.000,    0,   0.000
21:14:36:524, 144943212607525,   15.641,   13.000, 3600,  14.186, 224.368,  62.324,  12.326, 194.714,  54.087, 68,  0,   0.567,  11.554,   3.209,   0.008,   0.464,   0.129,  45.000,  60.000,   0.000,   0.000,   0.000,    0,   0.000
21:14:36:636, 144943528428608,   15.754,   25.000, 2900,  16.328, 226.204,  62.834,  14.367, 196.330,  54.536, 54,  0,   1.191,  11.688,   3.247,   0.041,   0.468,   0.130,  45.000,  60.000,   0.000,   0.000,   0.000,    0,   0.000
21:14:36:743, 144943827992482,   15.860,   21.000, 3500,  18.161, 228.142,  63.373,  15.810, 198.017,  55.005, 65,  0,   1.069,  11.802,   3.278,   0.259,   0.496,   0.138,  45.000,  60.000,   0.000,   0.000,   0.000,    0,   0.000
21:14:36:853, 144944135908008,   15.970,   18.000, 3400,  13.181, 229.587,  63.774,  11.165, 199.241,  55.345, 61,  0,   1.088,  11.921,   3.311,   0.000,   0.496,   0.138,  45.000,  60.000,   0.000,   0.000,   0.000,    0,   0.000
21:14:36:966, 144944453564143,   16.083,   50.000, 3400,  26.487, 232.583,  64.607,  24.641, 202.029,  56.119, 69,  0,   0.605,  11.989,   3.330,   0.000,   0.496,   0.138,  45.000,  60.000,   0.000,   0.000,   0.000,    0,   0.000
21:14:37:076, 144944761533613,   16.193,   38.000, 3500,  22.114, 235.009,  65.280,  20.355, 204.261,  56.739, 70,  0,   0.693,  12.065,   3.351,   0.000,   0.496,   0.138,  45.000,  60.000,   0.000,   0.000,   0.000,    0,   0.000
21:14:37:185, 144945069829020,   16.303,   12.000, 3600,  16.214, 236.789,  65.775,  14.288, 205.830,  57.175, 73,  0,   0.595,  12.131,   3.370,   0.000,   0.496,   0.138,  45.000,  60.000,   0.000,   0.000,   0.000,    0,   0.000
21:14:37:290, 144945362622689,   16.407,   12.000, 3600,  15.239, 238.378,  66.216,  13.363, 207.223,  57.562, 70,  0,   0.687,  12.202,   3.390,   0.044,   0.500,   0.139,  45.000,  60.000,   0.000,   0.000,   0.000,    0,   0.000
21:14:37:404, 144945684804061,   16.522,   13.000, 3400,  15.358, 240.140,  66.706,  13.464, 208.768,  57.991, 70,  0,   0.653,  12.277,   3.410,   0.000,   0.500,   0.139,  45.000,  60.000,   0.000,   0.000,   0.000,    0,   0.000
21:14:37:507, 144945973233182,   16.624,   12.000, 3600,  14.912, 241.672,  67.131,  13.028, 210.106,  58.363, 70,  0,   0.523,  12.331,   3.425,   0.000,   0.500,   0.139,  45.000,  60.000,   0.000,   0.000,   0.000,    0,   0.000
21:14:37:619, 144946286663957,   16.736,   27.000, 3400,  19.180, 243.813,  67.726,  17.298, 212.037,  58.899, 62,  0,   0.568,  12.394,   3.443,   0.000,   0.500,   0.139,  45.000,  60.000,   0.000,   0.000,   0.000,    0,   0.000
21:14:37:729, 144946595407921,   16.846,   66.000, 3400,  26.752, 246.754,  68.543,  24.684, 214.751,  59.653, 61,  0,   1.096,  12.515,   3.476,   0.051,   0.506,   0.141,  45.000,  60.000,   0.000,   0.000,   0.000,    0,   0.000
21:14:37:839, 144946905820456,   16.957,   28.000, 3500,  19.051, 248.860,  69.128,  17.240, 216.657,  60.182, 70,  0,   0.666,  12.588,   3.497,   0.018,   0.508,   0.141,  45.000,  60.000,   0.000,   0.000,   0.000,    0,   0.000
21:14:37:947, 144947207176918,   17.064,   15.000, 3400,  16.443, 250.625,  69.618,  14.685, 218.233,  60.620, 70,  0,   0.734,  12.667,   3.519,   0.004,   0.508,   0.141,  45.000,  60.000,   0.000,   0.000,   0.000,  450,   0.000
21:14:38:060, 144947525663008,   17.177,   15.000, 3600,  16.426, 252.488,  70.136,  14.237, 219.848,  61.069, 66,  0,   0.773,  12.755,   3.543,   0.123,   0.522,   0.145,  45.000,  60.000,   0.000,   0.000,   0.000,    0,   0.000
21:14:38:170, 144947834760815,   17.287,   12.000, 3600,  13.788, 254.006,  70.557,  11.915, 221.159,  61.433, 65,  0,   0.699,  12.832,   3.564,   0.000,   0.522,   0.145,  45.000,  60.000,   0.000,   0.000,   0.000,    0,   0.000
21:14:38:276, 144948132367984,   17.393,   13.000, 3600,  13.442, 255.430,  70.953,  11.594, 222.388,  61.774, 71,  0,   0.521,  12.887,   3.580,   0.000,   0.522,   0.145,  45.000,  60.000,   0.000,   0.000,   0.000,    0,   0.000
21:14:38:383, 144948432739467,   17.500,   17.000, 2900,  13.296, 256.853,  71.348,  11.341, 223.601,  62.111, 54,  0,   0.791,  12.971,   3.603,   0.038,   0.526,   0.146,  45.000,  60.000,   0.000,   0.000,   0.000,    0,   0.000
21:14:38:497, 144948752732017,   17.614,   14.000, 2900,  12.924, 258.325,  71.757,  10.892, 224.843,  62.456, 57,  0,   0.716,  13.053,   3.626,   0.124,   0.541,   0.150,  45.000,  60.000,   0.000,   0.000,   0.000,    0,   0.000
21:14:38:603, 144949051351248,   17.721,   40.000, 3400,  22.799, 260.750,  72.431,  21.078, 227.084,  63.079, 69,  0,   0.673,  13.125,   3.646,   0.000,   0.541,   0.150,  45.000,  60.000,   0.000,   0.000,   0.000,    0,   0.000
21:14:38:715, 144949365752875,   17.833,   52.000, 3400,  23.915, 263.428,  73.174,  21.934, 229.540,  63.761, 64,  0,   0.674,  13.200,   3.667,   0.062,   0.547,   0.152,  45.000,  60.000,   0.000,   0.000,   0.000,    0,   0.000
21:14:38:825, 144949673598768,   17.942,   28.000, 3500,  21.787, 265.816,  73.838,  19.663, 231.696,  64.360, 71,  0,   1.185,  13.330,   3.703,   0.000,   0.547,   0.152,  45.000,  60.000,   0.000,   0.000,   0.000,    0,   0.000
21:14:38:931, 144949970490447,   18.048,   12.000, 3600,  15.188, 267.422,  74.284,  13.430, 233.116,  64.754, 73,  0,   0.596,  13.393,   3.720,   0.000,   0.547,   0.152,  45.000,  60.000,   0.000,   0.000,   0.000,    0,   0.000
21:14:39:040, 144950278521915,   18.158,   13.000, 3500,  15.818, 269.157,  74.766,  13.893, 234.640,  65.178, 71,  0,   0.741,  13.474,   3.743,   0.009,   0.549,   0.152,  45.000,  60.000,   0.000,   0.000,   0.000,    0,   0.000
21:14:39:149, 144950583857269,   18.266,   12.000, 3600,  14.855, 270.773,  75.215,  12.975, 236.050,  65.570, 72,  0,   0.560,  13.535,   3.760,   0.000,   0.549,   0.152,  45.000,  60.000,   0.000,   0.000,   0.000,    0,   0.000
21:14:39:258, 144950889044065,   18.375,   13.000, 3600,  15.513, 272.459,  75.683,  13.613, 237.530,  65.981, 72,  0,   0.542,  13.594,   3.776,   0.000,   0.549,   0.152,  45.000,  60.000,   0.000,   0.000,   0.000,    0,   0.000
21:14:39:367, 144951196954928,   18.485,   44.000, 3400,  24.927, 275.192,  76.442,  23.265, 240.081,  66.689, 72,  0,   0.566,  13.656,   3.793,   0.000,   0.549,   0.152,  45.000,  60.000,   0.000,   0.000,   0.000,    0,   0.000
21:14:39:479, 144951510727314,   18.597,   48.000, 3500,  25.190, 278.007,  77.224,  23.215, 242.675,  67.410, 72,  0,   0.670,  13.731,   3.814,   0.000,   0.549,   0.152,  45.000,  60.000,   0.000,   0.000,   0.000,    0,   0.000
21:14:39:590, 144951820747769,   18.707,   13.000, 3500,  14.388, 279.595,  77.665,  12.549, 244.061,  67.795, 70,  0,   0.639,  13.802,   3.834,   0.025,   0.551,   0.153,  45.000,  60.000,   0.000,   0.000,   0.000,    0,   0.000
21:14:39:695, 144952117922384,   18.813,   17.000, 3600,  16.081, 281.297,  78.138,  14.152, 245.558,  68.211, 71,  0,   0.694,  13.875,   3.854,   0.016,   0.553,   0.154,  45.000,  60.000,   0.000,   0.000,   0.000,    0,   0.000
21:14:39:804, 144952423335254,   18.922,   15.000, 3500,  16.268, 283.066,  78.630,  14.360, 247.120,  68.645, 70,  0,   0.809,  13.963,   3.879,   0.000,   0.553,   0.154,  45.000,  60.000,   0.000,   0.000,   0.000,    0,   0.000
21:14:39:915, 144952734715031,   19.032,   18.000, 3600,  18.709, 285.141,  79.206,  16.751, 248.978,  69.160, 72,  0,   0.838,  14.056,   3.904,   0.000,   0.553,   0.154,  45.000,  60.000,   0.000,   0.000,   0.000,    0,   0.000
21:14:40:024, 144953040166666,   19.141,   19.000, 1900,   8.683, 286.086,  79.468,   6.560, 249.691,  69.359, 46,  0,   0.889,  14.153,   3.931,   0.135,   0.568,   0.158,  45.000,  60.000,   0.000,   0.000,   0.000,    0,   0.000
21:14:40:135, 144953351559154,   19.252,   15.000, 3600,  11.510, 287.362,  79.823,   9.582, 250.754,  69.654, 65,  0,   0.654,  14.225,   3.951,   0.044,   0.573,   0.159,  45.000,  60.000,   0.000,   0.000,   0.000,    0,   0.000
21:14:40:243, 144953655182997,   19.360,   20.000, 3400,  12.683, 288.733,  80.204,  10.697, 251.911,  69.975, 63,  0,   1.123,  14.347,   3.985,   0.030,   0.576,   0.160,  45.000,  60.000,   0.000,   0.000,   0.000,    0,   0.000
21:14:40:356, 144953973761397,   19.474,   53.000, 3400,  26.464, 291.736,  81.038,  24.528, 254.693,  70.748, 66,  0,   0.762,  14.433,   4.009,   0.132,   0.591,   0.164,  45.000,  60.000,   0.000,   0.000,   0.000,    0,   0.000
21:14:40:464, 144954276245746,   19.581,   36.000, 3400,  21.429, 294.044,  81.679,  19.456, 256.789,  71.330, 72,  0,   0.670,  14.505,   4.029,   0.000,   0.591,   0.164,  45.000,  60.000,   0.000,   0.000,   0.000,    0,   0.000
21:14:40:570, 144954573247392,   19.687,   13.000, 3600,  15.924, 295.729,  82.147,  14.024, 258.273,  71.742, 72,  0,   0.609,  14.570,   4.047,   0.000,   0.591,   0.164,  45.000,  60.000,   0.000,   0.000,   0.000,    0,   0.000
21:14:40:684, 144954893421036,   19.801,   19.000, 3500,  14.927, 297.431,  82.620,  12.991, 259.754,  72.154, 65,  0,   0.718,  14.652,   4.070,   0.048,   0.596,   0.166,  45.000,  60.000,   0.000,   0.000,   0.000,    0,   0.000
21:14:40:788, 144955187522979,   19.906,   12.000, 3500,   8.238, 298.293,  82.859,   6.467, 260.431,  72.342, 61,  0,   0.661,  14.721,   4.089,   0.000,   0.596,   0.166,  45.000,  60.000,   0.000,   0.000,   0.000,    0,   0.000
21:14:40:898, 144955495675159,   20.016,   19.000, 3500,  17.904, 300.258,  83.405,  15.926, 262.179,  72.827, 67,  0,   0.972,  14.828,   4.119,   0.032,   0.600,   0.167,  45.000,  60.000,   0.000,   0.000,   0.000,    0,   0.000
21:14:41:013, 144955818040019,   20.130,   13.000, 3600,  14.458, 301.918,  83.866,  12.528, 263.617,  73.227, 70,  0,   0.635,  14.900,   4.139,   0.000,   0.600,   0.167,  45.000,  60.000,   0.000,   0.000,   0.000,    0,   0.000
21:14:41:124, 144956128640971,   20.241,   49.000, 3500,  23.842, 304.555,  84.599,  21.939, 266.044,  73.901, 65,  0,   0.584,  14.965,   4.157,   0.000,   0.600,   0.167,  45.000,  60.000,   0.000,   0.000,   0.000,    0,   0.000
21:14:41:232, 144956433738234,   20.350,   43.000, 3500,  24.594, 307.227,  85.341,  22.832, 268.525,  74.590, 73,  0,   0.631,  15.034,   4.176,   0.000,   0.600,   0.167,  45.000,  60.000,   0.000,   0.000,   0.000,    0,   0.000
21:14:41:335, 144956722913039,   20.453,   12.000, 3600,  14.655, 308.737,  85.760,  12.794, 269.842,  74.956, 70,  0,   0.607,  15.096,   4.193,   0.000,   0.600,   0.167,  45.000,  60.000,   0.000,   0.000,   0.000,    0,   0.000
21:14:41:450, 144957044843128,   20.567,   14.000, 3600,  13.739, 310.312,  86.198,  11.783, 271.193,  75.331, 67,  0,   0.687,  15.175,   4.215,   0.034,   0.604,   0.168,  45.000,  60.000,   0.000,   0.000,   0.000,    0,   0.000
21:14:41:559, 144957350021876,   20.676,   12.000, 3600,  11.540, 311.566,  86.546,   9.620, 272.239,  75.622, 61,  0,   0.666,  15.247,   4.235,   0.000,   0.604,   0.168,  45.000,  60.000,   0.000,   0.000,   0.000,    0,   0.000
21:14:41:673, 144957673322640,   20.791,   41.000, 2800,  13.807, 313.156,  86.988,  11.948, 273.614,  76.004, 54,  0,   0.610,  15.318,   4.255,   0.030,   0.607,   0.169,  45.000,  60.000,   0.000,   0.000,   0.000,    0,   0.000
21:14:41:778, 144957965904342,   20.895,   16.000, 3500,  15.073, 314.726,  87.424,  13.168, 274.986,  76.385, 58,  0,   0.709,  15.391,   4.275,   0.025,   0.610,   0.169,  45.000,  60.000,   0.000,   0.000,   0.000,    0,   0.000
21:14:41:888, 144958275558892,   21.006,   15.000, 1300,  12.575, 316.113,  87.809,  10.610, 276.156,  76.710, 47,  0,   0.708,  15.469,   4.297,   0.051,   0.615,   0.171,  45.000,  60.000,   0.000,   0.000,   0.000,    0,   0.000
21:14:41:995, 144958575256338,   21.112,   23.000, 2800,  10.803, 317.266,  88.129,   8.668, 277.082,  76.967, 55,  0,   1.519,  15.632,   4.342,   0.025,   0.618,   0.172,  45.000,  60.000,   0.000,   0.000,   0.000,    0,   0.000
21:14:42:103, 144958877528452,   21.220,   47.000, 3400,  22.192, 319.655,  88.793,  20.529, 279.291,  77.581, 57,  0,   0.622,  15.699,   4.361,   0.000,   0.618,   0.172,  45.000,  60.000,   0.000,   0.000,   0.000,    0,   0.000
21:14:42:211, 144959183060293,   21.329,   47.000, 3400,  22.690, 322.124,  89.479,  20.712, 281.545,  78.207, 67,  0,   0.603,  15.764,   4.379,   0.000,   0.618,   0.172,  45.000,  60.000,   0.000,   0.000,   0.000,    0,   0.000
21:14:42:325, 144959502185952,   21.442,   12.000, 3600,  15.080, 323.838,  89.955,  13.183, 283.043,  78.623, 72,  0,   0.644,  15.837,   4.399,   0.000,   0.618,   0.172,  45.000,  60.000,   0.000,   0.000,   0.000,    0,   0.000
21:14:42:429, 144959794744180,   21.547,   13.000, 3600,  16.016, 325.506,  90.418,  14.172, 284.520,  79.033, 72,  0,   0.636,  15.904,   4.418,   0.000,   0.618,   0.172,  45.000,  60.000,   0.000,   0.000,   0.000,    0,   0.000
21:14:42:545, 144960120988663,   21.663,   12.000, 3600,  15.218, 327.274,  90.910,  13.352, 286.071,  79.464, 69,  0,   0.699,  15.985,   4.440,   0.016,   0.620,   0.172,  45.000,  60.000,   0.000,   0.000,   0.000,    0,   0.000
21:14:42:678, 144960493454312,   21.795,   50.000, 3400,  18.806, 329.769,  91.603,  16.889, 288.311,  80.086, 62,  0,   0.708,  16.079,   4.466,   0.023,   0.623,   0.173,  45.000,  60.000,   0.000,   0.000,   0.000,    0,   0.000
21:14:42:761, 144960727035007,   21.879,   12.000, 3600,  14.894, 331.008,  91.947,  12.992, 289.392,  80.387, 72,  0,   0.580,  16.127,   4.480,   0.024,   0.625,   0.174,  45.000,  60.000,   0.000,   0.000,   0.000,    0,   0.000
21:14:42:868, 144961025274443,   21.985,   44.000, 3400,  24.139, 333.572,  92.659,  22.362, 291.767,  81.046, 65,  0,   0.629,  16.194,   4.498,   0.027,   0.628,   0.174,  45.000,  60.000,   0.000,   0.000,   0.000,    0,   0.000
21:14:42:980, 144961342175256,   22.098,   57.000, 3500,  26.671, 336.582,  93.495,  24.505, 294.533,  81.815, 63,  0,   0.885,  16.294,   4.526,   0.138,   0.643,   0.179,  45.000,  60.000,   0.000,   0.000,   0.000,    0,   0.000
21:14:43:088, 144961644336851,   22.205,   19.000, 3600,  18.568, 338.580,  94.050,  16.494, 296.307,  82.308, 72,  0,   1.111,  16.413,   4.559,   0.000,   0.643,   0.179,  45.000,  60.000,   0.000,   0.000,   0.000,    0,   0.000
21:14:43:196, 144961948208992,   22.314,   12.000, 3600,  13.862, 340.080,  94.467,  12.036, 297.610,  82.669, 66,  0,   0.598,  16.478,   4.577,   0.000,   0.643,   0.179,  45.000,  60.000,   0.000,   0.000,   0.000,    0,   0.000
21:14:43:310, 144962267198968,   22.427,   13.000, 3600,  13.310, 341.592,  94.887,  11.378, 298.902,  83.028, 68,  0,   0.708,  16.559,   4.600,   0.000,   0.643,   0.179,  45.000,  60.000,   0.000,   0.000,   0.000,    0,   0.000
21:14:43:420, 144962576193354,   22.537,   12.000, 3600,  13.810, 343.112,  95.309,  11.968, 300.219,  83.394, 66,  0,   0.573,  16.622,   4.617,   0.000,   0.643,   0.179,  45.000,  60.000,   0.000,   0.000,   0.000,    0,   0.000
21:14:43:528, 144962880094237,   22.645,   19.000, 3500,  16.128, 344.857,  95.794,  14.219, 301.758,  83.822, 56,  0,   0.765,  16.704,   4.640,   0.063,   0.650,   0.181,  45.000,  60.000,   0.000,   0.000,   0.000,    0,   0.000
21:14:43:634, 144963176817376,   22.751,   33.000, 3400,  20.997, 347.076,  96.410,  18.800, 303.745,  84.374, 66,  0,   1.146,  16.826,   4.674,   0.129,   0.664,   0.184,  45.000,  60.000,   0.000,   0.000,   0.000,    0,   0.000
21:14:43:744, 144963487735768,   22.862,   40.000, 3400,  23.019, 349.625,  97.118,  21.183, 306.090,  85.025, 65,  0,   0.939,  16.930,   4.703,   0.050,   0.669,   0.186,  45.000,  60.000,   0.000,   0.000,   0.000,    0,   0.000
21:14:43:851, 144963786087080,   22.968,   66.000, 3400,  29.599, 352.770,  97.992,  27.442, 309.006,  85.835, 72,  0,   0.940,  17.029,   4.730,   0.000,   0.669,   0.186,  45.000,  60.000,   0.000,   0.000,   0.000,    0,   0.000
21:14:43:965, 144964108493765,   23.083,   56.000, 3400,  26.230, 355.781,  98.828,  24.268, 311.793,  86.609, 66,  0,   1.332,  17.182,   4.773,   0.000,   0.669,   0.186,  45.000,  60.000,   0.000,   0.000,   0.000,    0,   0.000
21:14:44:073, 144964411027272,   23.191,   28.000, 3400,  22.459, 358.201,  99.500,  20.285, 313.978,  87.216, 66,  0,   1.311,  17.324,   4.812,   0.026,   0.672,   0.187,  45.000,  60.000,   0.000,   0.000,   0.000,    0,   0.000
21:14:44:184, 144964723473865,   23.302,   19.000, 3600,  18.556, 360.266, 100.074,  16.560, 315.821,  87.728, 73,  0,   0.964,  17.431,   4.842,   0.000,   0.672,   0.187,  45.000,  60.000,   0.000,   0.000,   0.000,    0,   0.000
21:14:44:290, 144965019922847,   23.407,   13.000, 2800,  13.087, 361.647, 100.458,  11.113, 316.994,  88.054, 53,  0,   0.697,  17.504,   4.862,   0.000,   0.672,   0.187,  45.000,  60.000,   0.000,   0.000,   0.000,    0,   0.000
21:14:44:404, 144965339932947,   23.521,   14.000, 3500,  15.148, 363.374, 100.937,  13.336, 318.514,  88.476, 72,  0,   0.526,  17.564,   4.879,   0.000,   0.672,   0.187,  45.000,  60.000,   0.000,   0.000,   0.000,    0,   0.000
21:14:44:508, 144965631028741,   23.625,   13.000, 3400,  15.447, 364.975, 101.382,  13.553, 319.919,  88.866, 71,  0,   0.558,  17.622,   4.895,   0.008,   0.673,   0.187,  45.000,  60.000,   0.000,   0.000,   0.000,    0,   0.000
21:14:44:624, 144965957125776,   23.741,   49.000, 3400,  25.390, 367.924, 102.201,  23.526, 322.651,  89.625, 71,  0,   0.615,  17.694,   4.915,   0.015,   0.675,   0.187,  45.000,  60.000,   0.000,   0.000,   0.000,    0,   0.000
21:14:44:730, 144966255100872,   23.847,   43.000, 3400,  24.009, 370.471, 102.909,  22.096, 324.996,  90.277, 69,  0,   0.709,  17.769,   4.936,   0.023,   0.677,   0.188,  45.000,  60.000,   0.000,   0.000,   0.000,    0,   0.000
21:14:44:838, 144966558626002,   23.955,   13.000, 3400,  14.559, 372.045, 103.346,  12.732, 326.372,  90.659, 70,  0,   0.609,  17.835,   4.954,   0.000,   0.677,   0.188,  45.000,  60.000,   0.000,   0.000,   0.000,    0,   0.000
21:14:44:951, 144966875856020,   24.068,   12.000, 3500,  15.373, 373.782, 103.828,  13.496, 327.896,  91.082, 72,  0,   0.653,  17.908,   4.975,   0.000,   0.677,   0.188,  45.000,  60.000,   0.000,   0.000,   0.000,    0,   0.000
21:14:45:057, 144967173104616,   24.174,   12.000, 3600,  13.340, 375.194, 104.221,  11.423, 329.106,  91.418, 72,  0,   0.675,  17.980,   4.994,   0.019,   0.679,   0.189,  45.000,  60.000,   0.000,   0.000,   0.000,    0,   0.000
21:14:45:163, 144967471490183,   24.281,   19.000, 3500,  16.804, 376.980, 104.717,  14.926, 330.692,  91.859, 64,  0,   0.953,  18.081,   5.023,   0.000,   0.679,   0.189,  45.000,  60.000,   0.000,   0.000,   0.000,    0,   0.000
21:14:45:273, 144967781146835,   24.391,   21.000, 1400,   6.835, 377.733, 104.926,   4.784, 331.219,  92.005, 46,  0,   0.834,  18.173,   5.048,   0.056,   0.685,   0.190,  45.000,  60.000,   0.000,   0.000,   0.000,    0,   0.000
21:14:45:383, 144968088951646,   24.500,   14.000, 2800,   7.593, 378.566, 105.157,   5.728, 331.847,  92.180, 52,  0,   0.618,  18.241,   5.067,   0.019,   0.687,   0.191,  45.000,  60.000,   0.000,   0.000,   0.000,    0,   0.000
21:14:45:492, 144968394278079,   24.609,   15.000, 3000,  12.121, 379.884, 105.523,  10.087, 332.944,  92.484, 55,  0,   1.092,  18.360,   5.100,   0.000,   0.687,   0.191,  45.000,  60.000,   0.000,   0.000,   0.000,    0,   0.000
21:14:45:606, 144968715002824,   24.723,   46.000, 3400,  24.121, 382.639, 106.289,  22.285, 335.489,  93.191, 65,  0,   0.642,  18.433,   5.120,   0.031,   0.691,   0.192,  45.000,  60.000,   0.000,   0.000,   0.000,    0,   0.000
21:14:45:714, 144969018471216,   24.831,   53.000, 3600,  25.903, 385.438, 107.066,  23.804, 338.062,  93.906, 65,  0,   0.851,  18.525,   5.146,   0.136,   0.706,   0.196,  45.000,  60.000,   0.000,   0.000,   0.000,    0,   0.000
21:14:45:823, 144969325582037,   24.941,   14.000, 3600,  15.889, 387.176, 107.549,  14.018, 339.595,  94.332, 72,  0,   0.688,  18.600,   5.167,   0.044,   0.710,   0.197,  45.000,  60.000,   0.000,   0.000,   0.000,    0,   0.000
21:14:45:934, 144969636636792,   25.052,   12.000, 3600,  15.452, 388.887, 108.024,  13.563, 341.097,  94.749, 71,  0,   0.633,  18.670,   5.186,   0.000,   0.710,   0.197,  45.000,  60.000,   0.000,   0.000,   0.000,    0,   0.000
21:14:46:045, 144969947799499,   25.162,   13.000, 3600,  14.678, 390.514, 108.476,  12.765, 342.512,  95.142, 67,  0,   0.736,  18.752,   5.209,   0.000,   0.710,   0.197,  45.000,  60.000,   0.000,   0.000,   0.000,    0,   0.000
21:14:46:153, 144970250461224,   25.270,   13.000, 3600,  15.454, 392.180, 108.939,  13.572, 343.975,  95.549, 72,  0,   0.556,  18.812,   5.225,   0.000,   0.710,   0.197,  45.000,  60.000,   0.000,   0.000,   0.000,    0,   0.000
21:14:46:262, 144970556337947,   25.379,   19.000, 3500,  18.193, 394.161, 109.489,  16.185, 345.738,  96.038, 70,  0,   1.000,  18.921,   5.256,   0.036,   0.714,   0.198,  45.000,  60.000,   0.000,   0.000,   0.000,    0,   0.000
21:14:46:368, 144970855751525,   25.486,   49.000, 3400,  26.320, 396.968, 110.269,  24.649, 348.366,  96.768, 72,  0,   0.555,  18.980,   5.272,   0.000,   0.714,   0.198,  45.000,  60.000,   0.000,   0.000,   0.000,    0,   0.000
21:14:46:482, 144971175335057,   25.600,   44.000, 3600,  23.920, 399.690, 111.025,  21.941, 350.863,  97.462, 73,  0,   0.671,  19.056,   5.293,   0.000,   0.714,   0.198,  45.000,  60.000,   0.000,   0.000,   0.000,    0,   0.000
21:14:46:586, 144971465967559,   25.703,   12.000, 3600,  15.598, 401.305, 111.474,  13.653, 352.276,  97.855, 74,  0,   0.607,  19.119,   5.311,   0.000,   0.714,   0.198,  45.000,  60.000,   0.000,   0.000,   0.000,    0,   0.000
21:14:46:701, 144971788660502,   25.818,   19.000, 3500,  15.372, 403.071, 111.964,  13.573, 353.836,  98.288, 62,  0,   0.698,  19.199,   5.333,   0.028,   0.717,   0.199,  45.000,  60.000,   0.000,   0.000,   0.000,    0,   0.000
21:14:46:804, 144972079416135,   25.922,   12.000, 3600,  14.008, 404.522, 112.367,  12.056, 355.085,  98.635, 71,  0,   0.699,  19.271,   5.353,   0.018,   0.719,   0.200,  45.000,  60.000,   0.000,   0.000,   0.000,    0,   0.000
21:14:46:914, 144972388364797,   26.032,   12.000, 3600,  12.874, 405.938, 112.761,  11.033, 356.299,  98.972, 71,  0,   0.523,  19.329,   5.369,   0.000,   0.719,   0.200,  45.000,  60.000,   0.000,   0.000,   0.000,    0,   0.000
21:14:47:025, 144972700289057,   26.143,   21.000, 3500,  14.837, 407.586, 113.218,  12.716, 357.711,  99.364, 56,  0,   1.015,  19.442,   5.400,   0.145,   0.735,   0.204,  45.000,  60.000,   0.000,   0.000,   0.000,    0,   0.000
21:14:47:138, 144973017073031,   26.255,   14.000, 3500,  13.927, 409.158, 113.655,  12.010, 359.066,  99.741, 67,  0,   0.674,  19.518,   5.422,   0.022,   0.738,   0.205,  45.000,  60.000,   0.000,   0.000,   0.000,    0,   0.000
21:14:47:243, 144973312683179,   26.361,   31.000, 3400,  15.170, 410.755, 114.099,  13.270, 360.463, 100.129, 65,  0,   1.244,  19.649,   5.458,   0.000,   0.738,   0.205,  45.000,  60.000,   0.000,   0.000,   0.000,    0,   0.000
21:14:47:352, 144973617897709,   26.469,   54.000, 3400,  27.196, 413.711, 114.920,  25.149, 363.197, 100.888, 72,  0,   0.884,  19.745,   5.485,   0.032,   0.741,   0.206,  45.000,  60.000,   0.000,   0.000,   0.000,    0,   0.000
21:14:47:465, 144973934477743,   26.582,   29.000, 3500,  20.320, 416.002, 115.556,  18.370, 365.268, 101.463, 66,  0,   0.639,  19.817,   5.505,   0.000,   0.741,   0.206,  45.000,  60.000,   0.000,   0.000,   0.000,    0,   0.000
21:14:47:570, 144974231303815,   26.688,   13.000, 3500,  15.381, 417.627, 116.008,  13.619, 366.707, 101.863, 66,  0,   0.546,  19.875,   5.521,   0.000,   0.741,   0.206,  45.000,  60.000,   0.000,   0.000,   0.000,    0,   0.000
21:14:47:684, 144974550135950,   26.801,   18.000, 3600,  15.568, 419.395, 116.499,  13.605, 368.252, 102.292, 70,  0,   0.680,  19.952,   5.542,   0.038,   0.746,   0.207,  45.000,  60.000,   0.000,   0.000,   0.000,    0,   0.000
21:14:47:791, 144974850657706,   26.908,   12.000, 3600,  14.936, 420.994, 116.943,  13.056, 369.649, 102.680, 70,  0,   0.683,  20.025,   5.562,   0.000,   0.746,   0.207,  45.000,  60.000,   0.000,   0.000,   0.000,    0,   0.000
21:14:47:899, 144975153250351,   27.016,   12.000, 3600,  15.086, 422.619, 117.394,  13.190, 371.071, 103.075, 72,  0,   0.547,  20.084,   5.579,   0.024,   0.748,   0.208,  45.000,  60.000,   0.000,   0.000,   0.000,    0,   0.000
21:14:48:008, 144975458907968,   27.125,   21.000, 3500,  17.597, 424.535, 117.926,  15.705, 372.780, 103.550, 65,  0,   0.622,  20.151,   5.598,   0.000,   0.748,   0.208,  45.000,  60.000,   0.000,   0.000,   0.000,    0,   0.000
21:14:48:117, 144975765032919,   27.234,   48.000, 3400,  24.773, 427.235, 118.677,  22.921, 375.279, 104.244, 73,  0,   0.590,  20.216,   5.615,   0.000,   0.748,   0.208,  45.000,  60.000,   0.000,   0.000,   0.000,    0,   0.000
21:14:48:230, 144976083712509,   27.348,   45.000, 3500,  26.539, 430.247, 119.513,  24.712, 378.083, 105.023, 66,  0,   0.826,  20.309,   5.642,   0.000,   0.748,   0.208,  45.000,  60.000,   0.000,   0.000,   0.000,    0,   0.000
21:14:48:341, 144976394328386,   27.458,   33.000, 3300,  26.454, 433.174, 120.326,  24.338, 380.776, 105.771, 73,  0,   1.352,  20.459,   5.683,   0.000,   0.748,   0.208,  45.000,  60.000,   0.000,   0.000,   0.000,    0,   0.000
21:14:48:445, 144976687413566,   27.563,   25.000, 3500,  23.008, 435.575, 120.993,  21.094, 382.977, 106.383, 72,  0,   0.936,  20.557,   5.710,   0.015,   0.750,   0.208,  45.000,  60.000,   0.000,   0.000,   0.000,    0,   0.000
21:14:48:557, 144977002057633,   27.675,   24.000, 3500,  22.182, 438.061, 121.684,  20.247, 385.246, 107.013, 74,  0,   0.862,  20.653,   5.737,   0.000,   0.750,   0.208,  45.000,  60.000,   0.000,   0.000,   0.000,    0,   0.000
21:14:48:675, 144977333458348,   27.793,   36.000, 3500,  23.590, 440.845, 122.457,  21.681, 387.805, 107.724, 66,  0,   0.775,  20.745,   5.762,   0.013,   0.751,   0.209,  45.000,  60.000,   0.000,   0.000,   0.000,    0,   0.000
21:14:48:774, 144977610351072,   27.891,   31.000, 1500,  18.760, 442.695, 122.971,  16.396, 389.422, 108.173, 51,  0,   1.325,  20.875,   5.799,   0.163,   0.767,   0.213,  45.000,  60.000,   0.000,   0.000,   0.000,    0,   0.000
21:14:48:885, 144977921937448,   28.002,   14.000, 2800,   7.524, 443.530, 123.203,   5.618, 390.045, 108.346, 53,  0,   0.677,  20.951,   5.820,   0.030,   0.771,   0.214,  45.000,  60.000,   0.000,   0.000,   0.000,    0,   0.000
21:14:48:992, 144978224072692,   28.110,   13.000, 3200,   4.928, 444.060, 123.350,   3.024, 390.370, 108.436, 48,  0,   0.720,  21.028,   5.841,   0.021,   0.773,   0.215,  45.000,  60.000,   0.000,   0.000,   0.000,    0,   0.000
21:14:49:106, 144978543398504,   28.224,   13.000, 1500,   5.608, 444.698, 123.527,   3.731, 390.795, 108.554, 48,  0,   0.631,  21.100,   5.861,   0.000,   0.773,   0.215,  45.000,  60.000,   0.000,   0.000,   0.000,    0,   0.000
21:14:49:210, 144978836343498,   28.328,   15.000, 1500,   5.941, 445.317, 123.699,   4.094, 391.222, 108.673, 53,  0,   0.599,  21.162,   5.878,   0.000,   0.773,   0.215,  45.000,  60.000,   0.000,   0.000,   0.000,    0,   0.000
21:14:49:326, 144979161084387,   28.443,   12.000, 1500,   4.881, 445.882, 123.856,   3.026, 391.572, 108.770, 46,  0,   0.549,  21.226,   5.896,   0.000,   0.773,   0.215,  45.000,  60.000,   0.000,   0.000,   0.000,    0,   0.000
21:14:49:435, 144979465849812,   28.552,   26.000, 3000,  10.846, 447.059, 124.183,   8.695, 392.516, 109.032, 50,  0,   1.546,  21.394,   5.943,   0.016,   0.775,   0.215,  45.000,  60.000,   0.000,   0.000,   0.000,    0,   0.000
21:14:49:542, 144979768986924,   28.660,   11.000, 1100,   3.677, 447.456, 124.293,   1.883, 392.719, 109.089, 45,  0,   0.629,  21.461,   5.962,   0.000,   0.775,   0.215,  45.000,  60.000,   0.000,   0.000,   0.000,    0,   0.000
21:14:49:694, 144980195867912,   28.812,   20.000, 1500,   3.352, 447.965, 124.435,   1.532, 392.952, 109.153, 45,  0,   0.630,  21.557,   5.988,   0.026,   0.779,   0.216,  45.000,  60.000,   0.000,   0.000,   0.000,    0,   0.000
21:14:49:761, 144980383488366,   28.879,    3.000, 1000,   2.443, 448.129, 124.480,   0.685, 392.998, 109.166, 45,  0,   0.664,  21.602,   6.000,   0.024,   0.780,   0.217,  45.000,  60.000,   0.000,   0.000,   0.000,    0,   0.000
21:14:49:869, 144980686405550,   28.987,   13.000, 3500,   7.648, 448.954, 124.709,   5.850, 393.629, 109.341, 56,  0,   0.799,  21.688,   6.024,   0.098,   0.791,   0.220,  45.000,  60.000,   0.000,   0.000,   0.000,  450,   0.000
21:14:49:979, 144980995632382,   29.097,   15.000, 3500,  14.097, 450.506, 125.141,  12.162, 394.968, 109.713, 66,  0,   0.721,  21.767,   6.046,   0.008,   0.792,   0.220,  45.000,  60.000,   0.000,   0.000,   0.000,    0,   0.000
21:14:50:087, 144981296862003,   29.204,   46.000, 3400,  24.757, 453.162, 125.878,  22.822, 397.416, 110.393, 69,  0,   0.620,  21.834,   6.065,   0.000,   0.792,   0.220,  45.000,  60.000,   0.000,   0.000,   0.000,    0,   0.000
21:14:50:196, 144981602338228,   29.313,   50.000, 3600,  26.250, 456.018, 126.672,  24.501, 400.082, 111.134, 70,  0,   0.667,  21.906,   6.085,   0.000,   0.792,   0.220,  45.000,  60.000,   0.000,   0.000,   0.000,    0,   0.000
21:14:50:306, 144981912168181,   29.423,   12.000, 3600,  15.330, 457.709, 127.141,  13.363, 401.556, 111.543, 74,  0,   0.602,  21.973,   6.103,   0.000,   0.792,   0.220,  45.000,  60.000,   0.000,   0.000,   0.000,    0,   0.000
21:14:50:420, 144982234444969,   29.538,   12.000, 3500,  13.605, 459.270, 127.575,  11.665, 402.895, 111.915, 66,  0,   0.649,  22.047,   6.124,   0.032,   0.796,   0.221,  45.000,  60.000,   0.000,   0.000,   0.000,    0,   0.000
21:14:50:523, 144982521282330,   29.640,   21.000, 2800,  16.035, 460.908, 128.030,  14.040, 404.329, 112.314, 54,  0,   1.167,  22.166,   6.157,   0.000,   0.796,   0.221,  45.000,  60.000,   0.000,   0.000,   0.000,    0,   0.000
21:14:50:632, 144982827868260,   29.749,   13.000, 3500,  12.411, 462.263, 128.407,  10.594, 405.486, 112.635, 57,  0,   0.541,  22.225,   6.174,   0.000,   0.796,   0.221,  45.000,  60.000,   0.000,   0.000,   0.000,    0,   0.000
21:14:50:743, 144983138364151,   29.860,   15.000, 2800,  13.750, 463.784, 128.829,  11.890, 406.800, 113.000, 55,  0,   0.581,  22.290,   6.192,   0.044,   0.800,   0.222,  45.000,  60.000,   0.000,   0.000,   0.000,    0,   0.000
21:14:50:856, 144983457827139,   29.974,   43.000, 3500,  22.858, 466.384, 129.551,  21.065, 409.197, 113.666, 67,  0,   0.611,  22.359,   6.211,   0.000,   0.800,   0.222,  45.000,  60.000,   0.000,   0.000,   0.000,    0,   0.000
21:14:50:960, 144983748945805,   30.077,   49.000, 3400,  26.226, 469.103, 130.306,  24.253, 411.711, 114.364, 71,  0,   0.664,  22.428,   6.230,   0.028,   0.803,   0.223,  45.000,  60.000,   0.000,   0.000,   0.000,    0,   0.000
21:14:51:071, 144984059979058,   30.188,   17.000, 3500,  16.044, 470.881, 130.800,  14.098, 413.273, 114.798, 66,  0,   0.667,  22.502,   6.250,   0.000,   0.803,   0.223,  45.000,  60.000,   0.000,   0.000,   0.000,    0,   0.000
21:14:51:180, 144984368175979,   30.298,   12.000, 3600,  12.176, 472.217, 131.171,  10.431, 414.418, 115.116, 65,  0,   0.584,  22.566,   6.268,   0.000,   0.803,   0.223,  45.000,  60.000,   0.000,   0.000,   0.000,    0,   0.000
21:14:51:293, 144984684499737,   30.411,   12.000, 3500,  12.799, 473.659, 131.572,  10.871, 415.642, 115.456, 67,  0,   0.667,  22.641,   6.289,   0.000,   0.803,   0.223,  45.000,  60.000,   0.000,   0.000,   0.000,    0,   0.000
21:14:51:400, 144984984335484,   30.517,   13.000, 3500,  11.856, 474.925, 131.924,   9.980, 416.708, 115.752, 66,  0,   0.598,  22.705,   6.307,   0.000,   0.803,   0.223,  45.000,  60.000,   0.000,   0.000,   0.000,    0,   0.000
21:14:51:508, 144985286682665,   30.625,   16.000, 3500,  14.847, 476.523, 132.368,  13.055, 418.114, 116.143, 69,  0,   0.722,  22.783,   6.329,   0.029,   0.806,   0.224,  45.000,  60.000,   0.000,   0.000,   0.000,    0,   0.000
21:14:51:617, 144985593257451,   30.734,   13.000,  900,   9.836, 477.597, 132.666,   7.644, 418.948, 116.375, 47,  0,   1.124,  22.905,   6.363,   0.074,   0.814,   0.226,  45.000,  60.000,   0.000,   0.000,   0.000,    0,   0.000
21:14:51:728, 144985905208951,   30.845,   19.000, 1000,   3.061, 477.937, 132.760,   1.197, 419.081, 116.411, 45,  0,   0.655,  22.978,   6.383,   0.055,   0.821,   0.228,  45.000,  60.000,   0.000,   0.000,   0.000,    0,   0.000
21:14:51:836, 144986210276529,   30.954,    2.000, 1000,   1.869, 478.140, 132.817,   0.212, 419.104, 116.418, 44,  0,   0.579,  23.041,   6.400,   0.000,   0.821,   0.228,  45.000,  60.000,   0.000,   0.000,   0.000,    0,   0.000
21:14:51:947, 144986521260852,   31.065,    2.000, 1000,   1.827, 478.343, 132.873,   0.215, 419.128, 116.424, 44,  0,   0.559,  23.103,   6.418,   0.000,   0.821,   0.228,  45.000,  60.000,   0.000,   0.000,   0.000,    0,   0.000
21:14:52:055, 144986824063495,   31.172,    5.000, 1500,   2.460, 478.608, 132.947,   0.711, 419.205, 116.446, 44,  0,   0.618,  23.170,   6.436,   0.023,   0.823,   0.229,  45.000,  60.000,   0.000,   0.000,   0.000,    0,   0.000
21:14:52:165, 144987132960445,   31.282,    2.000,  900,   1.929, 478.820, 133.006,   0.295, 419.237, 116.455, 43,  0,   0.563,  23.232,   6.453,   0.000,   0.823,   0.229,  45.000,  60.000,   0.000,   0.000,   0.000,    0,   0.000
21:14:52:275, 144987443274921,   31.393,    1.000,  900,   1.784, 479.017, 133.060,   0.182, 419.257, 116.460, 44,  0,   0.552,  23.293,   6.470,   0.000,   0.823,   0.229,  45.000,  60.000,   0.000,   0.000,   0.000,    0,   0.000
21:14:52:388, 144987759755626,   31.506,    4.000,  900,   2.114, 479.256, 133.127,   0.456, 419.309, 116.475, 43,  0,   0.556,  23.355,   6.488,   0.000,   0.823,   0.229,  45.000,  60.000,   0.000,   0.000,   0.000,    0,   0.000
21:14:52:495, 144988059435346,   31.612,    2.000,  900,   1.835, 479.451, 133.181,   0.209, 419.331, 116.481, 43,  0,   0.558,  23.415,   6.504,   0.013,   0.824,   0.229,  45.000,  60.000,   0.000,   0.000,   0.000,    0,   0.000
21:14:52:604, 144988365000877,   31.721,    8.000, 2700,   3.013, 479.779, 133.272,   1.180, 419.459, 116.517, 45,  0,   0.792,  23.501,   6.528,   0.006,   0.825,   0.229,  45.000,  60.000,   0.000,   0.000,   0.000,    0,   0.000
21:14:52:712, 144988669983362,   31.830,   10.000,  900,   6.022, 480.433, 133.454,   4.156, 419.911, 116.642, 44,  0,   0.813,  23.589,   6.553,   0.015,   0.827,   0.230,  45.000,  60.000,   0.000,   0.000,   0.000,    0,   0.000
21:14:52:825, 144988986394243,   31.943,    2.000,  900,   1.854, 480.642, 133.512,   0.226, 419.936, 116.649, 43,  0,   0.558,  23.652,   6.570,   0.000,   0.827,   0.230,  45.000,  60.000,   0.000,   0.000,   0.000,    0,   0.000
21:14:52:933, 144989289767199,   32.051,    1.000,  900,   1.754, 480.832, 133.564,   0.156, 419.953, 116.654, 43,  0,   0.556,  23.712,   6.587,   0.000,   0.827,   0.230,  45.000,  60.000,   0.000,   0.000,   0.000,    0,   0.000
21:14:53:046, 144989606214033,   32.163,    6.000,  900,   2.268, 481.087, 133.635,   0.565, 420.017, 116.671, 44,  0,   0.600,  23.780,   6.605,   0.003,   0.827,   0.230,  45.000,  60.000,   0.000,   0.000,   0.000,    0,   0.000
21:14:53:154, 144989911139896,   32.272,    1.000,  900,   1.821, 481.285, 133.690,   0.175, 420.036, 116.677, 44,  0,   0.576,  23.842,   6.623,   0.006,   0.828,   0.230,  45.000,  60.000,   0.000,   0.000,   0.000,    0,   0.000
21:14:53:262, 144990214548116,   32.380,    3.000,  900,   1.980, 481.499, 133.750,   0.316, 420.070, 116.686, 44,  0,   0.584,  23.905,   6.640,   0.000,   0.828,   0.230,  45.000,  60.000,   0.000,   0.000,   0.000,    0,   0.000
21:14:53:367, 144990507600709,   32.484,    8.000,  900,   2.476, 481.758, 133.822,   0.696, 420.143, 116.706, 43,  0,   0.630,  23.971,   6.659,   0.015,   0.829,   0.230,  45.000,  60.000,   0.000,   0.000,   0.000,    0,   0.000
21:14:53:482, 144990831033754,   32.599,   11.000, 3500,   7.110, 482.576, 134.049,   5.238, 420.746, 116.874, 56,  0,   0.774,  24.060,   6.683,   0.102,   0.841,   0.234,  45.000,  60.000,   0.000,   0.000,   0.000,    0,   0.000
21:14:53:586, 144991124193337,   32.704,   14.000, 3500,  13.885, 484.026, 134.452,  12.031, 422.002, 117.223, 60,  0,   0.673,  24.131,   6.703,   0.000,   0.841,   0.234,  45.000,  60.000,   0.000,   0.000,   0.000,    0,   0.000
21:14:53:699, 144991439974161,   32.816,   91.000, 3400,  15.422, 485.760, 134.933,  13.244, 423.492, 117.637, 60,  0,   1.428,  24.291,   6.748,   0.066,   0.848,   0.236,  45.000,  60.000,   0.000,   0.000,   0.000,    0,   0.000
21:14:53:806, 144991739543393,   32.923,   51.000, 3400,  24.060, 488.327, 135.646,  22.090, 425.848, 118.291, 64,  0,   0.736,  24.370,   6.769,   0.013,   0.850,   0.236,  45.000,  60.000,   0.000,   0.000,   0.000,    0,   0.000
21:14:53:916, 144992050755702,   33.034,   33.000, 3600,  21.479, 490.708, 136.308,  19.718, 428.034, 118.898, 71,  0,   0.648,  24.442,   6.789,   0.000,   0.850,   0.236,  45.000,  60.000,   0.000,   0.000,   0.000,    0,   0.000
21:14:54:028, 144992364039006,   33.145,   13.000, 3600,  15.876, 492.479, 136.800,  13.933, 429.588, 119.330, 72,  0,   0.669,  24.516,   6.810,   0.022,   0.852,   0.237,  45.000,  60.000,   0.000,   0.000,   0.000,    0,   0.000
21:14:54:132, 144992656145185,   33.249,   12.000, 3600,  15.202, 494.061, 137.239,  13.339, 430.976, 119.715, 72,  0,   0.645,  24.583,   6.829,   0.000,   0.852,   0.237,  45.000,  60.000,   0.000,   0.000,   0.000,    0,   0.000
21:14:54:244, 144992970172519,   33.361,   12.000, 3500,  13.414, 495.561, 137.656,  11.519, 432.264, 120.073, 60,  0,   0.661,  24.657,   6.849,   0.000,   0.852,   0.237,  45.000,  60.000,   0.000,   0.000,   0.000,    0,   0.000
21:14:54:353, 144993275800160,   33.470,   13.000, 3600,  13.860, 497.069, 138.075,  11.998, 433.570, 120.436, 70,  0,   0.543,  24.716,   6.866,   0.000,   0.852,   0.237,  45.000,  60.000,   0.000,   0.000,   0.000,    0,   0.000
21:14:54:467, 144993595638598,   33.584,   25.000, 3400,  18.732, 499.203, 138.667,  16.868, 435.491, 120.970, 71,  0,   0.567,  24.781,   6.884,   0.000,   0.852,   0.237,  45.000,  60.000,   0.000,   0.000,   0.000,    0,   0.000
21:14:54:575, 144993900277562,   33.692,   49.000, 3500,  24.430, 501.853, 139.404,  22.650, 437.948, 121.652, 73,  0,   0.616,  24.848,   6.902,   0.022,   0.855,   0.237,  45.000,  60.000,   0.000,   0.000,   0.000,    0,   0.000
21:14:54:683, 144994203996480,   33.801,   22.000, 3300,  21.441, 504.172, 140.048,  19.497, 440.057, 122.238, 61,  0,   0.701,  24.924,   6.923,   0.016,   0.856,   0.238,  45.000,  60.000,   0.000,   0.000,   0.000,    0,   0.000
21:14:54:789, 144994501680617,   33.907,   19.000, 3500,  17.662, 506.045, 140.568,  15.704, 441.722, 122.701, 70,  0,   1.044,  25.034,   6.954,   0.006,   0.857,   0.238,  45.000,  60.000,   0.000,   0.000,   0.000,    0,   0.000
21:14:54:899, 144994810560080,   34.017,   13.000, 3600,  15.543, 507.755, 141.043,  13.666, 443.225, 123.118, 66,  0,   0.677,  25.109,   6.975,   0.000,   0.857,   0.238,  45.000,  60.000,   0.000,   0.000,   0.000,    0,   0.000
21:14:55:010, 144995122387095,   34.128,   12.000, 3600,  14.377, 509.351, 141.486,  12.515, 444.615, 123.504, 72,  0,   0.634,  25.179,   6.994,   0.000,   0.857,   0.238,  45.000,  60.000,   0.000,   0.000,   0.000,    0,   0.000
21:14:55:121, 144995433824639,   34.239,   12.000, 1500,  13.425, 510.840, 141.900,  11.462, 445.887, 123.857, 55,  0,   0.602,  25.246,   7.013,   0.020,   0.859,   0.239,  45.000,  60.000,   0.000,   0.000,   0.000,    0,   0.000
21:14:55:230, 144995738843024,   34.347,   17.000, 1000,   4.323, 511.310, 142.030,   2.361, 446.143, 123.929, 46,  0,   0.787,  25.331,   7.036,   0.079,   0.868,   0.241,  45.000,  60.000,   0.000,   0.000,   0.000,    0,   0.000
21:14:55:341, 144996051666583,   34.459,    1.000,  900,   1.854, 511.516, 142.088,   0.194, 446.165, 123.935, 44,  0,   0.581,  25.396,   7.054,   0.016,   0.870,   0.242,  45.000,  60.000,   0.000,   0.000,   0.000,    0,   0.000
21:14:55:450, 144996356120692,   34.567,   11.000,  900,   2.328, 511.769, 142.158,   0.640, 446.234, 123.954, 45,  0,   0.602,  25.461,   7.073,   0.000,   0.870,   0.242,  45.000,  60.000,   0.000,   0.000,   0.000,    0,   0.000
21:14:55:555, 144996651194501,   34.672,   10.000,  900,   2.406, 512.022, 142.228,   0.702, 446.308, 123.974, 44,  0,   0.594,  25.524,   7.090,   0.000,   0.870,   0.242,  45.000,  60.000,   0.000,   0.000,   0.000,    0,   0.000
21:14:55:686, 144997021209144,   34.804,   16.000, 1800,   3.719, 512.512, 142.364,   1.879, 446.555, 124.043, 44,  0,   0.584,  25.601,   7.111,   0.032,   0.874,   0.243,  45.000,  60.000,   0.000,   0.000,   0.000,    0,   0.000
21:14:55:774, 144997266051823,   34.891,    5.000,  900,   2.301, 512.712, 142.420,   0.491, 446.598, 124.055, 43,  0,   0.671,  25.659,   7.128,   0.017,   0.875,   0.243,  45.000,  60.000,   0.000,   0.000,   0.000,    0,   0.000
21:14:55:885, 144997579179356,   35.003,   11.000, 1500,   5.265, 513.299, 142.583,   3.351, 446.972, 124.159, 45,  0,   0.927,  25.763,   7.156,   0.000,   0.875,   0.243,  45.000,  60.000,   0.000,   0.000,   0.000,    0,   0.000
21:14:55:994, 144997885419655,   35.112,    1.000,  900,   1.776, 513.493, 142.637,   0.175, 446.991, 124.164, 43,  0,   0.553,  25.823,   7.173,   0.000,   0.875,   0.243,  45.000,  60.000,   0.000,   0.000,   0.000,    0,   0.000
21:14:56:101, 144998186140328,   35.219,    5.000,  900,   2.143, 513.723, 142.701,   0.447, 447.039, 124.177, 43,  0,   0.613,  25.888,   7.191,   0.011,   0.877,   0.243,  45.000,  60.000,   0.000,   0.000,   0.000,    0,   0.000
21:14:56:212, 144998496813531,   35.329,   13.000,  900,   2.995, 514.054, 142.793,   1.021, 447.152, 124.209, 44,  0,   0.809,  25.978,   7.216,   0.132,   0.891,   0.248,  45.000,  60.000,   0.000,   0.000,   0.000,    0,   0.000
21:14:56:322, 144998806393069,   35.440,    6.000,  900,   2.289, 514.306, 142.863,   0.567, 447.214, 124.226, 43,  0,   0.660,  26.051,   7.236,   0.000,   0.891,   0.248,  45.000,  60.000,   0.000,   0.000,   0.000,    0,   0.000
21:14:56:429, 144999106417363,   35.547,    3.000,  900,   2.020, 514.522, 142.923,   0.348, 447.252, 124.237, 43,  0,   0.596,  26.115,   7.254,   0.000,   0.891,   0.248,  45.000,  60.000,   0.000,   0.000,   0.000,    0,   0.000
21:14:56:541, 144999421815119,   35.659,    7.000,  900,   2.330, 514.784, 142.996,   0.634, 447.323, 124.256, 43,  0,   0.605,  26.182,   7.273,   0.000,   0.891,   0.248,  45.000,  60.000,   0.000,   0.000,   0.000,    0,   0.000
21:14:56:700, 144999868908289,   35.818,   19.000, 1500,   2.935, 515.251, 143.125,   1.102, 447.498, 124.305, 44,  0,   0.678,  26.290,   7.303,   0.026,   0.895,   0.249,  45.000,  60.000,   0.000,   0.000,   0.000,  450,   0.000
21:14:56:762, 145000041059668,   35.879,    3.000,  900,   2.405, 515.399, 143.166,   0.629, 447.537, 124.316, 44,  0,   0.662,  26.331,   7.314,   0.039,   0.898,   0.249,  45.000,  60.000,   0.000,   0.000,   0.000,    0,   0.000
21:14:56:867, 145000337547568,   35.985,    9.000,  900,   2.394, 515.651, 143.237,   0.695, 447.610, 124.336, 44,  0,   0.666,  26.401,   7.334,   0.000,   0.898,   0.249,  45.000,  60.000,   0.000,   0.000,   0.000,    0,   0.000
21:14:56:977, 145000645031435,   36.094,   17.000, 2500,   4.643, 516.160, 143.378,   2.692, 447.905, 124.418, 49,  0,   0.990,  26.510,   7.364,   0.000,   0.898,   0.249,  45.000,  60.000,   0.000,   0.000,   0.000,    0,   0.000
21:14:57:089, 145000960266960,   36.207,    5.000,  900,   2.881, 516.483, 143.468,   1.152, 448.034, 124.454, 44,  0,   0.680,  26.586,   7.385,   0.000,   0.898,   0.249,  45.000,  60.000,   0.000,   0.000,   0.000,    0,   0.000
21:14:57:196, 145001260360434,   36.314,   10.000,  900,   2.614, 516.763, 143.545,   0.847, 448.125, 124.479, 44,  0,   0.675,  26.658,   7.405,   0.010,   0.899,   0.250,  45.000,  60.000,   0.000,   0.000,   0.000,    0,   0.000
21:14:57:308, 145001575168081,   36.426,    7.000,  900,   2.361, 517.027, 143.619,   0.615, 448.194, 124.498, 43,  0,   0.657,  26.732,   7.426,   0.000,   0.899,   0.250,  45.000,  60.000,   0.000,   0.000,   0.000,    0,   0.000
21:14:57:415, 145001874762655,   36.532,    6.000,  900,   2.224, 517.265, 143.685,   0.519, 448.249, 124.514, 43,  0,   0.645,  26.801,   7.445,   0.000,   0.899,   0.250,  45.000,  60.000,   0.000,   0.000,   0.000,    0,   0.000
21:14:57:528, 145002193625317,   36.646,    7.000,  900,   2.341, 517.530, 143.758,   0.637, 448.321, 124.534, 43,  0,   0.631,  26.872,   7.465,   0.000,   0.899,   0.250,  45.000,  60.000,   0.000,   0.000,   0.000,    0,   0.000
21:14:57:637, 145002499130327,   36.755,    5.000,  900,   2.181, 517.768, 143.824,   0.477, 448.373, 124.548, 43,  0,   0.589,  26.936,   7.482,   0.000,   0.899,   0.250,  45.000,  60.000,   0.000,   0.000,   0.000,    0,   0.000
21:14:57:742, 145002794133634,   36.860,   16.000,  900,   2.935, 518.076, 143.910,   1.062, 448.485, 124.579, 43,  0,   0.644,  27.004,   7.501,   0.049,   0.904,   0.251,  45.000,  60.000,   0.000,   0.000,   0.000,    0,   0.000
21:14:57:851, 145003099112244,   36.968,    5.000,  900,   2.193, 518.314, 143.976,   0.470, 448.536, 124.593, 43,  0,   0.635,  27.073,   7.520,   0.000,   0.904,   0.251,  45.000,  60.000,   0.000,   0.000,   0.000,    0,   0.000
21:14:57:964, 145003417846392,   37.082,    8.000,  900,   2.487, 518.597, 144.055,   0.738, 448.620, 124.617, 43,  0,   0.641,  27.146,   7.541,   0.000,   0.904,   0.251,  45.000,  60.000,   0.000,   0.000,   0.000,    0,   0.000
21:14:58:076, 145003730880550,   37.193,   14.000, 2500,   3.912, 519.033, 144.176,   2.025, 448.845, 124.679, 47,  0,   0.923,  27.249,   7.569,   0.000,   0.904,   0.251,  45.000,  60.000,   0.000,   0.000,   0.000,    0,   0.000
21:14:58:182, 145004030005168,   37.300,    6.000,  900,   3.066, 519.359, 144.266,   1.327, 448.987, 124.719, 43,  0,   0.694,  27.323,   7.590,   0.000,   0.904,   0.251,  45.000,  60.000,   0.000,   0.000,   0.000,    0,   0.000
21:14:58:289, 145004328475641,   37.406,    8.000,  900,   2.496, 519.625, 144.340,   0.707, 449.062, 124.739, 43,  0,   0.640,  27.391,   7.609,   0.009,   0.905,   0.251,  45.000,  60.000,   0.000,   0.000,   0.000,    0,   0.000
21:14:58:402, 145004646727445,   37.520,    5.000,  900,   2.154, 519.869, 144.408,   0.457, 449.114, 124.754, 43,  0,   0.628,  27.462,   7.628,   0.002,   0.905,   0.251,  45.000,  60.000,   0.000,   0.000,   0.000,    0,   0.000
21:14:58:507, 145004941927684,   37.625,    6.000,  900,   2.257, 520.106, 144.474,   0.510, 449.167, 124.769, 43,  0,   0.668,  27.532,   7.648,   0.009,   0.906,   0.252,  45.000,  60.000,   0.000,   0.000,   0.000,    0,   0.000
21:14:58:619, 145005256932928,   37.737,    6.000,  900,   2.390, 520.374, 144.548,   0.626, 449.238, 124.788, 43,  0,   0.619,  27.601,   7.667,   0.017,   0.908,   0.252,  45.000,  60.000,   0.000,   0.000,   0.000,    0,   0.000
21:14:58:731, 145005571724605,   37.849,   13.000, 1500,   3.071, 520.718, 144.644,   1.192, 449.371, 124.825, 43,  0,   0.641,  27.673,   7.687,   0.060,   0.915,   0.254,  45.000,  60.000,   0.000,   0.000,   0.000,    0,   0.000
21:14:58:840, 145005876998155,   37.958,   10.000,  900,   2.584, 520.999, 144.722,   0.816, 449.460, 124.850, 43,  0,   0.616,  27.740,   7.706,   0.008,   0.916,   0.254,  45.000,  60.000,   0.000,   0.000,   0.000,    0,   0.000
21:14:58:950, 145006186591855,   38.068,    8.000,  900,   2.359, 521.259, 144.794,   0.632, 449.530, 124.869, 43,  0,   0.593,  27.806,   7.724,   0.000,   0.916,   0.254,  45.000,  60.000,   0.000,   0.000,   0.000,    0,   0.000
21:14:59:058, 145006488963944,   38.176,    4.000,  800,   2.083, 521.484, 144.857,   0.388, 449.571, 124.881, 43,  0,   0.613,  27.872,   7.742,   0.000,   0.916,   0.254,  45.000,  60.000,   0.000,   0.000,   0.000,    0,   0.000
21:14:59:166, 145006790880630,   38.283,   11.000, 1500,   3.093, 521.816, 144.949,   1.244, 449.705, 124.918, 43,  0,   0.793,  27.957,   7.766,   0.000,   0.916,   0.254,  45.000,  60.000,   0.000,   0.000,   0.000,    0,   0.000
21:14:59:274, 145007094631018,   38.391,   11.000,  900,   3.968, 522.245, 145.068,   2.147, 449.937, 124.983, 43,  0,   0.835,  28.047,   7.791,   0.000,   0.916,   0.254,  45.000,  60.000,   0.000,   0.000,   0.000,    0,   0.000
21:14:59:388, 145007415196336,   38.505,    4.000,  900,   2.189, 522.495, 145.138,   0.452, 449.989, 124.997, 43,  0,   0.636,  28.120,   7.811,   0.019,   0.918,   0.255,  45.000,  60.000,   0.000,   0.000,   0.000,    0,   0.000
21:14:59:493, 145007710873505,   38.611,    4.000,  800,   2.043, 522.710, 145.197,   0.395, 450.031, 125.009, 43,  0,   0.595,  28.183,   7.829,   0.000,   0.918,   0.255,  45.000,  60.000,   0.000,   0.000,   0.000,    0,   0.000
21:14:59:605, 145008024744260,   38.723,    7.000,  800,   2.326, 522.970, 145.270,   0.604, 450.098, 125.027, 42,  0,   0.587,  28.248,   7.847,   0.000,   0.918,   0.255,  45.000,  60.000,   0.000,   0.000,   0.000,    0,   0.000
21:14:59:712, 145008324423380,   38.829,   16.000,  900,   2.777, 523.267, 145.352,   0.965, 450.201, 125.056, 43,  0,   0.602,  28.312,   7.865,   0.030,   0.921,   0.256,  45.000,  60.000,   0.000,   0.000,   0.000,    0,   0.000
21:14:59:821, 145008631169320,   38.939,    5.000,  900,   2.226, 523.510, 145.419,   0.492, 450.255, 125.071, 43,  0,   0.626,  28.381,   7.884,   0.010,   0.922,   0.256,  45.000,  60.000,   0.000,   0.000,   0.000,    0,   0.000
21:14:59:935, 145008950727934,   39.052,    7.000,  800,   2.349, 523.777, 145.494,   0.604, 450.324, 125.090, 42,  0,   0.618,  28.451,   7.903,   0.005,   0.923,   0.256,  45.000,  60.000,   0.000,   0.000,   0.000,    0,   0.000
21:15:00:042, 145009252253584,   39.160,   15.000,  900,   2.571, 524.053, 145.570,   0.826, 450.412, 125.115, 43,  0,   0.692,  28.525,   7.924,   0.000,   0.923,   0.256,  45.000,  60.000,   0.000,   0.000,   0.000,    0,   0.000
21:15:00:149, 145009551935149,   39.266,    4.000,  800,   2.114, 524.279, 145.633,   0.380, 450.453, 125.126, 43,  0,   0.611,  28.591,   7.942,   0.033,   0.926,   0.257,  45.000,  60.000,   0.000,   0.000,   0.000,    0,   0.000
21:15:00:258, 145009857248253,   39.375,   10.000, 1600,   2.781, 524.581, 145.717,   0.972, 450.559, 125.155, 44,  0,   0.681,  28.665,   7.962,   0.000,   0.926,   0.257,  45.000,  60.000,   0.000,   0.000,   0.000,    0,   0.000
21:15:00:366, 145010162683041,   39.484,    8.000, 2800,   4.936, 525.118, 145.866,   3.141, 450.900, 125.250, 44,  0,   0.846,  28.757,   7.988,   0.023,   0.929,   0.258,  45.000,  60.000,   0.000,   0.000,   0.000,    0,   0.000
21:15:00:481, 145010485512632,   39.599,    1.000,  800,   1.896, 525.336, 145.927,   0.205, 450.924, 125.257, 43,  0,   0.581,  28.824,   8.007,   0.000,   0.929,   0.258,  45.000,  60.000,   0.000,   0.000,   0.000,    0,   0.000
21:15:00:589, 145010787943863,   39.707,   11.000,  800,   2.592, 525.615, 146.004,   0.823, 451.013, 125.281, 43,  0,   0.616,  28.890,   8.025,   0.000,   0.929,   0.258,  45.000,  60.000,   0.000,   0.000,   0.000,    0,   0.000
21:15:00:708, 145011121175137,   39.825,   16.000, 1500,   3.036, 525.976, 146.104,   1.189, 451.154, 125.320, 43,  0,   0.586,  28.960,   8.044,   0.033,   0.933,   0.259,  45.000,  60.000,   0.000,   0.000,   0.000,    0,   0.000
21:15:00:805, 145011394737327,   39.923,    3.000,  800,   2.191, 526.189, 146.164,   0.500, 451.202, 125.334, 42,  0,   0.601,  29.018,   8.061,   0.018,   0.934,   0.260,  45.000,  60.000,   0.000,   0.000,   0.000,    0,   0.000
21:15:00:915, 145011702850046,   40.032,    6.000,  800,   2.278, 526.439, 146.233,   0.560, 451.264, 125.351, 42,  0,   0.596,  29.083,   8.079,   0.019,   0.936,   0.260,  45.000,  60.000,   0.000,   0.000,   0.000,    0,   0.000
21:15:01:028, 145012021359456,   40.146,    4.000,  800,   2.079, 526.675, 146.299,   0.387, 451.308, 125.363, 42,  0,   0.611,  29.153,   8.098,   0.000,   0.936,   0.260,  45.000,  60.000,   0.000,   0.000,   0.000,    0,   0.000
21:15:01:132, 145012312663608,   40.250,    1.000,  800,   1.736, 526.855, 146.349,   0.145, 451.323, 125.367, 42,  0,   0.550,  29.210,   8.114,   0.000,   0.936,   0.260,  45.000,  60.000,   0.000,   0.000,   0.000,    0,   0.000
21:15:01:243, 145012623384385,   40.360,    7.000,  800,   2.316, 527.111, 146.420,   0.594, 451.388, 125.386, 43,  0,   0.591,  29.275,   8.132,   0.000,   0.936,   0.260,  45.000,  60.000,   0.000,   0.000,   0.000,    0,   0.000
21:15:01:352, 145012929305127,   40.469,   10.000,  900,   2.536, 527.388, 146.497,   0.751, 451.470, 125.408, 43,  0,   0.701,  29.352,   8.153,   0.000,   0.936,   0.260,  45.000,  60.000,   0.000,   0.000,   0.000,    0,   0.000
21:15:01:466, 145013248539103,   40.583,   51.000, 2500,   6.246, 528.098, 146.694,   4.257, 451.954, 125.543, 46,  0,   1.302,  29.500,   8.194,   0.035,   0.940,   0.261,  45.000,  60.000,   0.000,   0.000,   0.000,  450,   0.000
21:15:01:491, 145013320737417,   40.609,   12.000, 2800,   5.968, 528.251, 146.736,   3.801, 452.052, 125.570, 45,  0,   1.135,  29.529,   8.202,   0.150,   0.944,   0.262,  45.000,  60.000,   0.000,   0.000,   0.000,    0,   0.000

Total Elapsed Time (sec) = 40.608597
Measured RDTSC Frequency (GHz) = 2.808

Cumulative Processor Energy_0 (Joules) = 528.251221
Cumulative Processor Energy_0 (mWh) = 146.736450
Average Processor Power_0 (Watt) = 13.008359

Cumulative IA Energy_0 (Joules) = 452.051880
Cumulative IA Energy_0 (mWh) = 125.569967
Average IA Power_0 (Watt) = 11.131925

Cumulative DRAM Energy_0 (Joules) = 29.528809
Cumulative DRAM Energy_0 (mWh) = 8.202447
Average DRAM Power_0 (Watt) = 0.727157

Cumulative GT Energy_0 (Joules) = 0.944275
Cumulative GT Energy_0 (mWh) = 0.262299
Average GT Power_0 (Watt) = 0.023253
